molecule_chembl_id,standard_units,standard_value,units,value
CHEMBL68920,nM,41.0,uM,0.041
CHEMBL69960,nM,170.0,uM,0.17
CHEMBL137635,nM,9300.0,uM,9.3
CHEMBL306988,nM,500000.0,uM,500.0
CHEMBL66879,nM,3000000.0,uM,3000.0
CHEMBL77085,nM,96000.0,uM,96.0
CHEMBL443268,nM,5310.0,uM,5.31
CHEMBL76979,nM,264000.0,uM,264.0
CHEMBL76589,nM,125.0,uM,0.125
CHEMBL76904,nM,35000.0,uM,35.0
CHEMBL1009,nM,900000.0,uM,900.0
CHEMBL304271,nM,0.45,uM,0.00045
CHEMBL296407,nM,10000.0,uM,10.0
CHEMBL309625,nM,60000.0,uM,60.0
CHEMBL77825,nM,600000.0,uM,600.0
CHEMBL421877,nM,850000.0,uM,850.0
CHEMBL310798,nM,3000.0,uM,3.0
CHEMBL135592,nM,8000.0,uM,8.0
CHEMBL309866,nM,1300000.0,uM,1300.0
CHEMBL77381,nM,1360000.0,uM,1360.0
CHEMBL76602,nM,165000.0,uM,165.0
CHEMBL77737,nM,250000.0,uM,250.0
CHEMBL308134,nM,125000.0,uM,125.0
CHEMBL136491,nM,14.0,uM,0.014
CHEMBL76557,nM,625000.0,uM,625.0
CHEMBL336113,nM,1000.0,uM,1.0
CHEMBL133024,nM,100.0,uM,0.1
CHEMBL344652,nM,13350.0,uM,13.35
CHEMBL77814,nM,350000.0,uM,350.0
CHEMBL47986,nM,14000.0,uM,14.0
CHEMBL138125,nM,238.0,uM,0.238
CHEMBL137364,nM,64.0,uM,0.064
CHEMBL308339,nM,1400000.0,uM,1400.0
CHEMBL78174,nM,430000.0,uM,430.0
CHEMBL302552,nM,22.0,uM,0.022
CHEMBL309598,nM,13500.0,uM,13.5
CHEMBL67057,nM,4.5,uM,0.0045
CHEMBL332096,nM,508.0,uM,0.508
CHEMBL77387,nM,450000.0,uM,450.0
CHEMBL432903,nM,200.0,uM,0.2
CHEMBL69964,nM,210.0,uM,0.21
CHEMBL65848,nM,1410.0,uM,1.41
CHEMBL78184,nM,833000.0,uM,833.0
CHEMBL76985,nM,47000.0,uM,47.0
CHEMBL145,nM,1200000.0,uM,1200.0
CHEMBL69629,nM,6.5,uM,0.0065
CHEMBL136492,nM,8400.0,uM,8.4
CHEMBL77197,nM,1100000.0,uM,1100.0
CHEMBL305695,nM,560000.0,uM,560.0
CHEMBL76587,nM,6500000.0,uM,6500.0
CHEMBL66570,nM,13.0,uM,0.013
CHEMBL308048,nM,800000.0,uM,800.0
CHEMBL311119,nM,60000.0,uM,60.0
CHEMBL76905,nM,37000.0,uM,37.0
CHEMBL77524,nM,833000.0,uM,833.0
CHEMBL305194,nM,29.0,uM,0.029
CHEMBL307250,nM,325000.0,uM,325.0
CHEMBL80155,nM,6000.0,uM,6.0
CHEMBL343352,nM,200.0,uM,0.2
CHEMBL52765,nM,44.0,uM,0.044
CHEMBL311564,nM,450000.0,uM,450.0
CHEMBL76642,nM,75000.0,uM,75.0
CHEMBL308645,nM,4.7,uM,0.0047
CHEMBL67003,nM,1.8,uM,0.0018
CHEMBL307248,nM,640000.0,uM,640.0
CHEMBL310958,nM,225000.0,uM,225.0
CHEMBL78005,nM,350000.0,uM,350.0
CHEMBL134312,nM,11.0,uM,0.011
CHEMBL77243,nM,55000.0,uM,55.0
CHEMBL80745,nM,1200.0,uM,1.2
CHEMBL77778,nM,450000.0,uM,450.0
CHEMBL305246,nM,2.8,uM,0.0028
CHEMBL69966,nM,18.0,uM,0.018
CHEMBL47940,nM,3200.0,uM,3.2
CHEMBL57712,nM,1300000.0,uM,1300.0
CHEMBL77869,nM,200000.0,uM,200.0
CHEMBL69358,nM,1.2,uM,0.0012
CHEMBL137189,nM,200.0,uM,0.2
CHEMBL137617,nM,39.0,uM,0.039
CHEMBL137027,nM,482.0,uM,0.482
CHEMBL78257,nM,800.0,uM,0.8
CHEMBL76082,nM,560000.0,uM,560.0
CHEMBL77595,nM,850000.0,uM,850.0
CHEMBL309334,nM,2500.0,uM,2.5
CHEMBL310514,nM,260000.0,uM,260.0
CHEMBL304971,nM,410.0,uM,0.41
CHEMBL69071,nM,5.9,uM,0.0059
CHEMBL137534,nM,38.0,uM,0.038
CHEMBL137788,nM,335.0,uM,0.335
CHEMBL424093,nM,25.0,uM,0.025
CHEMBL77030,nM,2400.0,uM,2.4
CHEMBL78150,nM,460000.0,uM,460.0
CHEMBL264382,nM,1.1,uM,0.0011
CHEMBL308133,nM,1500000.0,uM,1500.0
CHEMBL307179,nM,160000.0,uM,160.0
CHEMBL305782,nM,180.0,uM,0.18
CHEMBL308672,nM,450.0,uM,0.45
CHEMBL133023,nM,24.0,uM,0.024
CHEMBL310400,nM,375000.0,uM,375.0
CHEMBL136674,nM,71.0,uM,0.071
CHEMBL73820,nM,25000.0,uM,25.0
CHEMBL79064,nM,230000.0,uM,230.0
CHEMBL77803,nM,500.0,uM,0.5
CHEMBL75718,nM,2400000.0,uM,2400.0
CHEMBL77298,nM,153000.0,uM,153.0
CHEMBL432941,nM,8880.0,uM,8.88
CHEMBL322395,nM,3000.0,nM,3000.0
CHEMBL431996,nM,56500.0,uM,56.5
CHEMBL86531,nM,29100.0,uM,29.1
CHEMBL138691,nM,4.2,nM,4.2
CHEMBL138691,nM,2282.0,nM,2282.0
CHEMBL139307,nM,3.3,nM,3.3
CHEMBL139307,nM,194.0,nM,194.0
CHEMBL322298,nM,200.0,uM,0.2
CHEMBL111434,nM,670.0,uM,0.67
CHEMBL111197,nM,30.0,uM,0.03
CHEMBL136058,nM,0.81,nM,0.81
CHEMBL136058,nM,8.8,nM,8.8
CHEMBL136058,nM,8.8,nM,8.8
CHEMBL939,nM,515.0,uM,0.515
CHEMBL95320,nM,850.0,uM,0.85
CHEMBL292323,nM,6500.0,uM,6.5
CHEMBL545315,nM,1.5,nM,1.5
CHEMBL545315,nM,7.4,nM,7.4
CHEMBL545315,nM,7.4,nM,7.4
CHEMBL111365,nM,1300.0,uM,1.3
CHEMBL422292,nM,1.5,nM,1.5
CHEMBL422292,nM,51.0,nM,51.0
CHEMBL113023,nM,250.0,uM,0.25
CHEMBL304414,nM,10000.0,uM,10.0
CHEMBL106232,nM,4500.0,uM,4.5
CHEMBL327127,nM,90.0,uM,0.09
CHEMBL293261,nM,850.0,uM,0.85
CHEMBL267019,nM,2500.0,uM,2.5
CHEMBL285063,nM,0.7,nM,0.7
CHEMBL285063,nM,2.7,nM,2.7
CHEMBL136404,nM,0.5,nM,0.5
CHEMBL136404,nM,7.7,nM,7.7
CHEMBL291979,nM,54100.0,uM,54.1
CHEMBL62843,nM,100000.0,uM,100.0
CHEMBL334697,nM,0.17,nM,0.17
CHEMBL434827,nM,0.73,nM,0.73
CHEMBL434827,nM,21.0,nM,21.0
CHEMBL434827,nM,21.0,nM,21.0
CHEMBL64430,nM,5000.0,uM,5.0
CHEMBL137082,nM,2.7,nM,2.7
CHEMBL137082,nM,156.0,nM,156.0
CHEMBL324926,nM,330.0,uM,0.33
CHEMBL62176,nM,1000.0,uM,1.0
CHEMBL138363,nM,1.6,nM,1.6
CHEMBL138363,nM,44.0,nM,44.0
CHEMBL93464,nM,0.55,nM,0.55
CHEMBL93464,nM,8.7,nM,8.7
CHEMBL31965,nM,74.0,uM,0.074
CHEMBL344486,nM,2.7,nM,2.7
CHEMBL344486,nM,64.0,nM,64.0
CHEMBL138940,nM,0.61,nM,0.61
CHEMBL138940,nM,14.0,nM,14.0
CHEMBL138940,nM,14.0,nM,14.0
CHEMBL321193,nM,150.0,uM,0.15
CHEMBL419022,nM,700.0,uM,0.7
CHEMBL344177,nM,0.69,nM,0.69
CHEMBL344177,nM,20.0,nM,20.0
CHEMBL136178,nM,1.2,nM,1.2
CHEMBL136178,nM,1039.0,nM,1039.0
CHEMBL136511,nM,1.4,nM,1.4
CHEMBL136511,nM,2.7,nM,2.7
CHEMBL44,nM,1000.0,uM,1.0
CHEMBL136102,nM,1.45,nM,1.45
CHEMBL136102,nM,193.0,nM,193.0
CHEMBL336264,nM,0.43,nM,0.43
CHEMBL104153,nM,220.0,uM,0.22
CHEMBL95774,nM,80.0,uM,0.08
CHEMBL268868,nM,300.0,uM,0.3
CHEMBL7775,nM,8700.0,uM,8.7
CHEMBL61119,nM,5300.0,uM,5.3
CHEMBL335440,nM,93.5,nM,93.5
CHEMBL50647,nM,220.0,uM,0.22
CHEMBL320705,nM,66.0,uM,0.066
CHEMBL113863,nM,1000.0,uM,1.0
CHEMBL553,nM,1450.0,uM,1.45
CHEMBL92086,nM,1.2,nM,1.2
CHEMBL92086,nM,16.0,nM,16.0
CHEMBL109631,nM,190.0,uM,0.19
CHEMBL293913,nM,44000.0,uM,44.0
CHEMBL7914,nM,2500.0,uM,2.5
CHEMBL334801,nM,1.1,nM,1.1
CHEMBL334801,nM,57.0,nM,57.0
CHEMBL334801,nM,57.0,nM,57.0
CHEMBL325589,nM,510.0,uM,0.51
CHEMBL99024,nM,1040.0,uM,1.04
CHEMBL59812,nM,20000.0,uM,20.0
CHEMBL434828,nM,9.1,nM,9.1
CHEMBL434828,nM,77.0,nM,77.0
CHEMBL49596,nM,5600.0,uM,5.6
CHEMBL293250,nM,40500.0,uM,40.5
CHEMBL62701,nM,22300.0,uM,22.3
CHEMBL51659,nM,0.91,nM,0.91
CHEMBL51659,nM,3.4,nM,3.4
CHEMBL135142,nM,1.75,nM,1.75
CHEMBL135142,nM,35.0,nM,35.0
CHEMBL343722,nM,1.6,nM,1.6
CHEMBL343722,nM,120.0,nM,120.0
CHEMBL448154,nM,490.0,uM,0.49
CHEMBL50470,nM,1400.0,uM,1.4
CHEMBL104244,nM,210.0,uM,0.21
CHEMBL293889,nM,4300.0,uM,4.3
CHEMBL140561,nM,2.4,nM,2.4
CHEMBL140561,nM,108.0,nM,108.0
CHEMBL140561,nM,108.0,nM,108.0
CHEMBL345077,nM,4.6,nM,4.6
CHEMBL345077,nM,340.0,nM,340.0
CHEMBL107472,nM,7500.0,uM,7.5
CHEMBL139044,nM,1.1,nM,1.1
CHEMBL139044,nM,27.0,nM,27.0
CHEMBL139095,nM,0.76,nM,0.76
CHEMBL139095,nM,2.4,nM,2.4
CHEMBL113070,nM,80.0,uM,0.08
CHEMBL104779,nM,910.0,uM,0.91
CHEMBL134371,nM,0.37,nM,0.37
CHEMBL301612,nM,260.0,uM,0.26
CHEMBL293251,nM,11400.0,uM,11.4
CHEMBL60472,nM,3600.0,uM,3.6
CHEMBL342828,nM,0.56,nM,0.56
CHEMBL342828,nM,14.0,nM,14.0
CHEMBL342828,nM,14.0,nM,14.0
CHEMBL299194,nM,8700.0,uM,8.7
CHEMBL291359,nM,9900.0,uM,9.9
CHEMBL109296,nM,4500.0,uM,4.5
CHEMBL111339,nM,480.0,uM,0.48
CHEMBL7939,nM,700.0,uM,0.7
CHEMBL8095,nM,2000.0,uM,2.0
CHEMBL345109,nM,0.44,nM,0.44
CHEMBL345109,nM,59.0,nM,59.0
CHEMBL345109,nM,59.0,nM,59.0
CHEMBL607707,nM,83.0,uM,0.083
CHEMBL293986,nM,100000.0,uM,100.0
CHEMBL8223,nM,50000.0,uM,50.0
CHEMBL332269,nM,4400.0,uM,4.4
CHEMBL428690,nM,7600.0,nM,7600.0
CHEMBL14932,nM,98.0,nM,98.0
CHEMBL38199,nM,3.7,nM,3.7
CHEMBL38199,nM,192.0,nM,192.0
CHEMBL553,nM,1.0,uM,0.001
CHEMBL939,nM,1.0,uM,0.001
CHEMBL29197,nM,0.025,nM,0.025
CHEMBL287007,nM,2.6,nM,2.6
CHEMBL287007,nM,9.7,nM,9.7
CHEMBL37346,nM,5500.0,nM,5500.0
CHEMBL15346,nM,74.0,nM,74.0
CHEMBL15202,nM,68.0,nM,68.0
CHEMBL554,nM,10.0,uM,0.01
CHEMBL36819,nM,53.0,nM,53.0
CHEMBL36819,nM,1196.0,nM,1196.0
CHEMBL40130,nM,3.7,nM,3.7
CHEMBL40130,nM,16.0,nM,16.0
CHEMBL35820,nM,0.006,nM,0.006
CHEMBL14627,nM,74.0,nM,74.0
CHEMBL290096,nM,27.0,nM,27.0
CHEMBL460731,nM,20.0,nM,20.0
CHEMBL37543,nM,12.0,nM,12.0
CHEMBL37543,nM,318.0,nM,318.0
CHEMBL287289,nM,21.0,nM,21.0
CHEMBL287289,nM,230.0,nM,230.0
CHEMBL514436,nM,27.0,nM,27.0
CHEMBL39320,nM,0.37,nM,0.37
CHEMBL39320,nM,13.0,nM,13.0
CHEMBL289162,nM,5.1,nM,5.1
CHEMBL289162,nM,1780.0,nM,1780.0
CHEMBL14952,nM,104.0,nM,104.0
CHEMBL37373,nM,41.0,nM,41.0
CHEMBL37373,nM,145.0,nM,145.0
CHEMBL39715,nM,3.4,nM,3.4
CHEMBL39715,nM,9.6,nM,9.6
CHEMBL289213,nM,0.72,nM,0.72
CHEMBL289213,nM,584.0,nM,584.0
CHEMBL273789,nM,263.0,nM,263.0
CHEMBL517907,nM,11.0,nM,11.0
CHEMBL460732,nM,93.0,nM,93.0
CHEMBL540701,nM,79.0,nM,79.0
CHEMBL287832,nM,40.0,nM,40.0
CHEMBL287832,nM,262.0,nM,262.0
CHEMBL39337,nM,0.44,nM,0.44
CHEMBL39337,nM,20.0,nM,20.0
CHEMBL39337,nM,0.44,nM,0.44
CHEMBL40734,nM,0.44,nM,0.44
CHEMBL40734,nM,22.0,nM,22.0
CHEMBL40734,nM,0.44,nM,0.44
CHEMBL39811,nM,7.5,nM,7.5
CHEMBL39811,nM,81.0,nM,81.0
CHEMBL36727,nM,0.8,nM,0.8
CHEMBL36727,nM,22.0,nM,22.0
CHEMBL39355,nM,8.8,nM,8.8
CHEMBL39355,nM,77.0,nM,77.0
CHEMBL493428,nM,24.0,nM,24.0
CHEMBL289959,nM,346.0,nM,346.0
CHEMBL14874,nM,830.0,nM,830.0
CHEMBL416611,nM,1.6,nM,1.6
CHEMBL416611,nM,49.0,nM,49.0
CHEMBL36967,nM,4.8,nM,4.8
CHEMBL36967,nM,9.6,nM,9.6
CHEMBL36164,nM,3.5,nM,3.5
CHEMBL36164,nM,135.0,nM,135.0
CHEMBL428690,nM,22000.0,uM,22.0
CHEMBL1242973,nM,590000.0,uM,590.0
CHEMBL280074,nM,440000.0,uM,440.0
CHEMBL338448,nM,1900.0,uM,1.9
CHEMBL131715,nM,7000.0,uM,7.0
CHEMBL435809,nM,110.0,uM,0.11
CHEMBL57323,nM,610.0,uM,0.61
CHEMBL57347,nM,150.0,uM,0.15
CHEMBL75188,nM,7000.0,uM,7.0
CHEMBL131020,nM,1100.0,uM,1.1
CHEMBL131590,nM,4700.0,uM,4.7
CHEMBL160846,nM,8.0,uM,0.008
CHEMBL26001,nM,250000.0,uM,250.0
CHEMBL444337,nM,1300.0,uM,1.3
CHEMBL422347,nM,82.0,uM,0.082
CHEMBL131426,nM,1100.0,uM,1.1
CHEMBL160303,nM,71.0,uM,0.071
CHEMBL338935,nM,220.0,uM,0.22
CHEMBL269620,nM,540.0,uM,0.54
CHEMBL335012,nM,8180.0,uM,8.18
CHEMBL76599,nM,5530.0,uM,5.53
CHEMBL299026,nM,6200.0,uM,6.2
CHEMBL132348,nM,31.0,uM,0.031
CHEMBL132169,nM,3600.0,uM,3.6
CHEMBL335648,nM,19.0,uM,0.019
CHEMBL155761,nM,10.0,uM,0.01
CHEMBL45827,nM,240.0,uM,0.24
CHEMBL335718,nM,1300.0,uM,1.3
CHEMBL130163,nM,2600.0,uM,2.6
CHEMBL335932,nM,6400.0,uM,6.4
CHEMBL336192,nM,7400.0,uM,7.4
CHEMBL157084,nM,35.0,uM,0.035
CHEMBL388978,nM,100.0,uM,0.1
CHEMBL129946,nM,330.0,uM,0.33
CHEMBL337027,nM,160.0,uM,0.16
CHEMBL338449,nM,13500.0,uM,13.5
CHEMBL130049,nM,2400.0,uM,2.4
CHEMBL56236,nM,6680.0,uM,6.68
CHEMBL335931,nM,3500.0,uM,3.5
CHEMBL337026,nM,200.0,uM,0.2
CHEMBL340611,nM,43.0,uM,0.043
CHEMBL338944,nM,4600.0,uM,4.6
CHEMBL57366,nM,450.0,uM,0.45
CHEMBL337297,nM,8180.0,uM,8.18
CHEMBL338049,nM,17.0,uM,0.017
CHEMBL432738,nM,1360.0,uM,1.36
CHEMBL131193,nM,910.0,uM,0.91
CHEMBL337035,nM,12500.0,uM,12.5
CHEMBL338155,nM,260.0,uM,0.26
CHEMBL301483,nM,1260.0,uM,1.26
CHEMBL130208,nM,4800.0,uM,4.8
CHEMBL55993,nM,19054.61,,4.72
CHEMBL55360,nM,10232.93,,4.99
CHEMBL56731,nM,1258.93,,5.9
CHEMBL333454,nM,1737.8,,5.76
CHEMBL122522,nM,6760.83,,5.17
CHEMBL56219,nM,2089.3,,5.68
CHEMBL118205,nM,5248.07,,5.28
CHEMBL2448064,nM,300.0,uM,0.3
CHEMBL25579,nM,300.0,uM,0.3
CHEMBL24026,nM,800.0,uM,0.8
CHEMBL116595,nM,398.11,,6.4
CHEMBL324030,nM,8709.64,,5.06
CHEMBL417941,nM,5888.44,,5.23
CHEMBL326100,nM,1000.0,,6.0
CHEMBL56542,nM,12022.64,,4.92
CHEMBL293749,nM,616.6,,6.21
CHEMBL143212,nM,1698.24,,5.77
CHEMBL135861,nM,13000.0,uM,13.0
CHEMBL440298,nM,5011.87,,5.3
CHEMBL428534,nM,500.0,uM,0.5
CHEMBL326318,nM,891.25,,6.05
CHEMBL1161234,nM,47863.01,,4.32
CHEMBL281872,nM,400.0,uM,0.4
CHEMBL281990,nM,1000.0,uM,1.0
CHEMBL422758,nM,450.0,uM,0.45
CHEMBL25450,nM,500.0,uM,0.5
CHEMBL1907763,nM,100.0,uM,0.1
CHEMBL24137,nM,100.0,uM,0.1
CHEMBL263666,nM,4700.0,uM,4.7
CHEMBL116423,nM,61659.5,,4.21
CHEMBL24828,nM,200.0,uM,0.2
CHEMBL56319,nM,48977.88,,4.31
CHEMBL53898,nM,707.95,,6.15
CHEMBL56393,nM,5011.87,,5.3
CHEMBL1161236,nM,53703.18,,4.27
CHEMBL143805,nM,3019.95,,5.52
CHEMBL1744349,nM,90.0,uM,0.09
CHEMBL24979,nM,200.0,uM,0.2
CHEMBL2448065,nM,300.0,uM,0.3
CHEMBL63356,nM,500.0,uM,0.5
CHEMBL296407,nM,4466.84,,5.35
CHEMBL1907764,nM,200.0,uM,0.2
CHEMBL118321,nM,7943.28,,5.1
CHEMBL115895,nM,21877.62,,4.66
CHEMBL283088,nM,200.0,uM,0.2
CHEMBL2448067,nM,100.0,uM,0.1
CHEMBL56879,nM,10964.78,,4.96
CHEMBL331026,nM,14454.4,,4.84
CHEMBL1202477,nM,100.0,uM,0.1
CHEMBL416191,nM,300.0,uM,0.3
CHEMBL67027,nM,700.0,uM,0.7
CHEMBL140213,nM,501187.23,,3.3
CHEMBL533849,nM,500.0,uM,0.5
CHEMBL1907944,nM,100.0,uM,0.1
CHEMBL336409,nM,900.0,uM,0.9
CHEMBL342929,nM,6900.0,uM,6.9
CHEMBL135577,nM,4600.0,uM,4.6
CHEMBL115519,nM,83176.38,,4.08
CHEMBL119156,nM,3388.44,,5.47
CHEMBL119987,nM,707.95,,6.15
CHEMBL54471,nM,15135.61,,4.82
CHEMBL1744347,nM,75.0,uM,0.075
CHEMBL334915,nM,3500.0,uM,3.5
CHEMBL55979,nM,2511.89,,5.6
CHEMBL25610,nM,400.0,uM,0.4
CHEMBL137422,nM,6100.0,uM,6.1
CHEMBL141238,nM,19054.61,,4.72
CHEMBL336174,nM,7400.0,uM,7.4
CHEMBL26641,nM,200.0,uM,0.2
CHEMBL334439,nM,6900.0,uM,6.9
CHEMBL66101,nM,20000.0,uM,20.0
CHEMBL59145,nM,6606.93,,5.18
CHEMBL118109,nM,19054.61,,4.72
CHEMBL343875,nM,165958.69,,3.78
CHEMBL279459,nM,450.0,uM,0.45
CHEMBL55994,nM,30902.95,,4.51
CHEMBL334032,nM,22908.68,,4.64
CHEMBL1202473,nM,300.0,uM,0.3
CHEMBL25425,nM,300.0,uM,0.3
CHEMBL55204,nM,5128.61,,5.29
CHEMBL286160,nM,100.0,uM,0.1
CHEMBL2448066,nM,100.0,uM,0.1
CHEMBL336409,nM,1300.0,uM,1.3
CHEMBL57251,nM,25118.86,,4.6
CHEMBL56543,nM,501.19,,6.3
CHEMBL56132,nM,14125.38,,4.85
CHEMBL120564,nM,87096.36,,4.06
CHEMBL1202478,nM,100.0,uM,0.1
CHEMBL432428,nM,645.65,,6.19
CHEMBL141175,nM,15848.93,,4.8
CHEMBL336410,nM,7000.0,uM,7.0
CHEMBL113996,nM,13570.0,uM,13.57
CHEMBL607707,nM,80.0,uM,0.08
CHEMBL325156,nM,4840.0,uM,4.84
CHEMBL126384,nM,5.4,nM,5.4
CHEMBL129509,nM,9.3,nM,9.3
CHEMBL114593,nM,960.0,uM,0.96
CHEMBL126137,nM,40.0,nM,40.0
CHEMBL128987,nM,3.2,nM,3.2
CHEMBL128987,nM,36.0,nM,36.0
CHEMBL435993,nM,9.2,nM,9.2
CHEMBL340898,nM,3.5,nM,3.5
CHEMBL338215,nM,5.4,nM,5.4
CHEMBL116857,nM,2880.0,uM,2.88
CHEMBL340484,nM,4.9,nM,4.9
CHEMBL127058,nM,1.2,nM,1.2
CHEMBL128467,nM,1.4,nM,1.4
CHEMBL326280,nM,790.0,uM,0.79
CHEMBL117326,nM,560.0,uM,0.56
CHEMBL340700,nM,3.2,nM,3.2
CHEMBL338114,nM,0.91,nM,0.91
CHEMBL341319,nM,2.6,nM,2.6
CHEMBL340508,nM,7.1,nM,7.1
CHEMBL115440,nM,930.0,uM,0.93
CHEMBL29197,nM,70.0,uM,0.07
CHEMBL285063,nM,2.0,uM,0.002
CHEMBL127041,nM,0.24,nM,0.24
CHEMBL116012,nM,10320.0,uM,10.32
CHEMBL126791,nM,0.51,nM,0.51
CHEMBL54400,nM,0.13,nM,0.13
CHEMBL54400,nM,16.0,nM,16.0
CHEMBL128468,nM,0.28,nM,0.28
CHEMBL341522,nM,5.6,nM,5.6
CHEMBL111038,nM,190.0,uM,0.19
CHEMBL339416,nM,0.74,nM,0.74
CHEMBL30973,nM,310.0,uM,0.31
CHEMBL113985,nM,5390.0,uM,5.39
CHEMBL327023,nM,550.0,uM,0.55
CHEMBL115187,nM,130.0,uM,0.13
CHEMBL92812,nM,4.0,nM,4.0
CHEMBL283682,nM,940.0,uM,0.94
CHEMBL129825,nM,7.4,nM,7.4
CHEMBL420624,nM,0.1,nM,0.1
CHEMBL332497,nM,3830.0,uM,3.83
CHEMBL421047,nM,2640.0,uM,2.64
CHEMBL113901,nM,5220.0,uM,5.22
CHEMBL281300,nM,590.0,uM,0.59
CHEMBL129579,nM,4.8,nM,4.8
CHEMBL126893,nM,8.8,nM,8.8
CHEMBL127082,nM,1.4,nM,1.4
CHEMBL128759,nM,12.0,nM,12.0
CHEMBL126372,nM,0.92,nM,0.92
CHEMBL126372,nM,227.0,nM,227.0
CHEMBL157128,nM,150.0,uM,0.15
CHEMBL116853,nM,90.0,uM,0.09
CHEMBL114728,nM,1600.0,uM,1.6
CHEMBL326811,nM,1620.0,uM,1.62
CHEMBL53428,nM,0.09,nM,0.09
CHEMBL53428,nM,14.0,nM,14.0
CHEMBL125568,nM,14.0,nM,14.0
CHEMBL129824,nM,8.4,nM,8.4
CHEMBL114073,nM,10590.0,uM,10.59
CHEMBL128432,nM,45.0,nM,45.0
CHEMBL116525,nM,910.0,uM,0.91
CHEMBL323630,nM,650.0,uM,0.65
CHEMBL424252,nM,1910.0,uM,1.91
CHEMBL324718,nM,810.0,uM,0.81
CHEMBL114490,nM,2320.0,uM,2.32
CHEMBL113902,nM,7500.0,uM,7.5
CHEMBL114392,nM,2700.0,uM,2.7
CHEMBL94061,nM,11.0,uM,0.011
CHEMBL340399,nM,7.2,nM,7.2
CHEMBL52076,nM,10.0,nM,10.0
CHEMBL52076,nM,110.0,nM,110.0
CHEMBL127611,nM,3.2,nM,3.2
CHEMBL113900,nM,250.0,uM,0.25
CHEMBL118000,nM,2290.0,uM,2.29
CHEMBL126623,nM,1.9,nM,1.9
CHEMBL126623,nM,8.1,nM,8.1
CHEMBL126903,nM,16.0,nM,16.0
CHEMBL127086,nM,0.61,nM,0.61
CHEMBL127086,nM,11400.0,nM,11400.0
CHEMBL263788,nM,790.0,uM,0.79
CHEMBL338175,nM,1.5,nM,1.5
CHEMBL414631,nM,330.0,uM,0.33
CHEMBL355330,nM,300.0,uM,0.3
CHEMBL170724,nM,570.0,uM,0.57
CHEMBL168550,nM,490.0,uM,0.49
CHEMBL153525,nM,1.24,nM,1.24
CHEMBL3085277,nM,538.0,nM,538.0
CHEMBL152905,nM,0.27,nM,0.27
CHEMBL152905,nM,86.0,nM,86.0
CHEMBL168555,nM,9700.0,uM,9.7
CHEMBL168382,nM,460.0,uM,0.46
CHEMBL168285,nM,790.0,uM,0.79
CHEMBL352801,nM,420.0,uM,0.42
CHEMBL29197,nM,0.025,nM,0.025
CHEMBL448730,nM,4100.0,nM,4100.0
CHEMBL544867,nM,11.0,nM,11.0
CHEMBL538814,nM,460.0,nM,460.0
CHEMBL542755,nM,20.0,nM,20.0
CHEMBL53753,nM,0.008,nM,0.008
CHEMBL153206,nM,1.2,nM,1.2
CHEMBL153206,nM,13.0,nM,13.0
CHEMBL346846,nM,80.0,nM,80.0
CHEMBL169467,nM,3400.0,uM,3.4
CHEMBL168266,nM,2820.0,uM,2.82
CHEMBL153739,nM,19.8,nM,19.8
CHEMBL354310,nM,330.0,uM,0.33
CHEMBL152984,nM,742.0,nM,742.0
CHEMBL152984,nM,769.0,nM,769.0
CHEMBL544640,nM,2110.0,nM,2110.0
CHEMBL150280,nM,264.0,nM,264.0
CHEMBL553351,nM,12.3,nM,12.3
CHEMBL423224,nM,31.0,nM,31.0
CHEMBL423224,nM,630.0,nM,630.0
CHEMBL347282,nM,47.0,nM,47.0
CHEMBL357097,nM,460.0,nM,460.0
CHEMBL346863,nM,40.0,nM,40.0
CHEMBL169570,nM,250.0,uM,0.25
CHEMBL415738,nM,1.0,nM,1.0
CHEMBL153409,nM,732.0,nM,732.0
CHEMBL171256,nM,14400.0,uM,14.4
CHEMBL329672,nM,23.0,nM,23.0
CHEMBL166765,nM,600.0,uM,0.6
CHEMBL553137,nM,132.0,nM,132.0
CHEMBL169390,nM,80.0,uM,0.08
CHEMBL40734,nM,0.39,nM,0.39
CHEMBL153170,nM,29.0,nM,29.0
CHEMBL355982,nM,35.0,nM,35.0
CHEMBL345988,nM,147.0,nM,147.0
CHEMBL345988,nM,493.0,nM,493.0
CHEMBL153518,nM,4270.0,nM,4270.0
CHEMBL544868,nM,58.0,nM,58.0
CHEMBL97162,nM,83.0,nM,83.0
CHEMBL345294,nM,11.0,nM,11.0
CHEMBL2093928,nM,419.0,nM,419.0
CHEMBL155278,nM,2.1,nM,2.1
CHEMBL155278,nM,98.0,nM,98.0
CHEMBL149512,nM,740.0,nM,740.0
CHEMBL170438,nM,13200.0,uM,13.2
CHEMBL539822,nM,0.47,nM,0.47
CHEMBL540082,nM,158.0,nM,158.0
CHEMBL356850,nM,1.8,nM,1.8
CHEMBL356850,nM,170.0,nM,170.0
CHEMBL357367,nM,9.4,nM,9.4
CHEMBL151593,nM,2.7,nM,2.7
CHEMBL153419,nM,191.0,nM,191.0
CHEMBL153573,nM,1.0,nM,1.0
CHEMBL153573,nM,42.0,nM,42.0
CHEMBL357570,nM,7.9,nM,7.9
CHEMBL357570,nM,85.0,nM,85.0
CHEMBL352954,nM,500.0,uM,0.5
CHEMBL554983,nM,72.0,nM,72.0
CHEMBL554983,nM,93.0,nM,93.0
CHEMBL358934,nM,1.1,nM,1.1
CHEMBL358934,nM,33.0,nM,33.0
CHEMBL355191,nM,450.0,uM,0.45
CHEMBL540590,nM,48.0,nM,48.0
CHEMBL544865,nM,444.0,nM,444.0
CHEMBL66031,nM,0.008,nM,0.008
CHEMBL39337,nM,0.44,nM,0.44
CHEMBL555921,nM,12.6,nM,12.6
CHEMBL171311,nM,440.0,uM,0.44
CHEMBL166766,nM,730.0,uM,0.73
CHEMBL155100,nM,272.0,nM,272.0
CHEMBL169780,nM,2540.0,uM,2.54
CHEMBL355269,nM,750.0,uM,0.75
CHEMBL169200,nM,900.0,uM,0.9
CHEMBL168829,nM,13400.0,uM,13.4
CHEMBL262276,nM,800.0,uM,0.8
CHEMBL169920,nM,500.0,uM,0.5
CHEMBL408683,nM,400.0,uM,0.4
CHEMBL355891,nM,830.0,uM,0.83
CHEMBL168661,nM,295.0,uM,0.295
CHEMBL355019,nM,740.0,uM,0.74
CHEMBL172514,nM,310.0,uM,0.31
CHEMBL354033,nM,2670.0,uM,2.67
CHEMBL355322,nM,440.0,uM,0.44
CHEMBL169519,nM,1120.0,uM,1.12
CHEMBL263528,nM,170.0,uM,0.17
CHEMBL274732,nM,930.0,uM,0.93
CHEMBL171545,nM,1530.0,uM,1.53
CHEMBL169064,nM,350.0,uM,0.35
CHEMBL168921,nM,2200.0,uM,2.2
CHEMBL169065,nM,1470.0,uM,1.47
CHEMBL10,nM,96000.0,nM,96000.0
CHEMBL353823,nM,8300.0,uM,8.3
CHEMBL168656,nM,2100.0,uM,2.1
CHEMBL113185,nM,5100.0,nM,5100.0
CHEMBL543661,nM,3000.0,uM,3.0
CHEMBL545541,nM,4.0,uM,0.004
CHEMBL541586,nM,25.0,uM,0.025
CHEMBL540068,nM,30.0,uM,0.03
CHEMBL301483,nM,1300.0,uM,1.3
CHEMBL135853,nM,20.0,uM,0.02
CHEMBL544833,nM,350.0,uM,0.35
CHEMBL555201,nM,100.0,uM,0.1
CHEMBL542484,nM,50.0,uM,0.05
CHEMBL322066,nM,1704.0,nM,1704.0
CHEMBL56983,nM,1000.0,uM,1.0
CHEMBL543669,nM,4000.0,uM,4.0
CHEMBL135902,nM,10.0,uM,0.01
CHEMBL543904,nM,500.0,uM,0.5
CHEMBL555797,nM,600.0,uM,0.6
CHEMBL57347,nM,150.0,uM,0.15
CHEMBL542729,nM,100.0,uM,0.1
CHEMBL45827,nM,390.0,uM,0.39
CHEMBL555321,nM,50.0,uM,0.05
CHEMBL542733,nM,250.0,uM,0.25
CHEMBL131577,nM,10000.0,uM,10.0
CHEMBL48614,nM,1680.0,uM,1.68
CHEMBL418203,nM,4600.0,uM,4.6
CHEMBL150177,nM,84800.0,uM,84.8
CHEMBL56505,nM,35.0,uM,0.035
CHEMBL56802,nM,5.0,nM,5.0
CHEMBL57990,nM,49.0,uM,0.049
CHEMBL55794,nM,310.0,uM,0.31
CHEMBL294395,nM,61.0,uM,0.061
CHEMBL7699,nM,58800.0,uM,58.8
CHEMBL44,nM,1000.0,uM,1.0
CHEMBL301018,nM,9.0,uM,0.009
CHEMBL112925,nM,8700.0,uM,8.7
CHEMBL7917,nM,6.0,uM,0.006
CHEMBL7917,nM,120.0,uM,0.12
CHEMBL281467,nM,374.8,nM,374.8
CHEMBL281467,nM,975.7,nM,975.7
CHEMBL299672,nM,71.0,uM,0.071
CHEMBL1788321,nM,67.0,uM,0.067
CHEMBL7827,nM,95.0,uM,0.095
CHEMBL7827,nM,12000.0,uM,12.0
CHEMBL56936,nM,2.0,uM,0.002
CHEMBL60826,nM,8.0,uM,0.008
CHEMBL440453,nM,38.0,uM,0.038
CHEMBL440453,nM,6000.0,uM,6.0
CHEMBL31876,nM,330.2,nM,330.2
CHEMBL31876,nM,1027.8,nM,1027.8
CHEMBL14699,nM,10.0,uM,0.01
CHEMBL281300,nM,9.7,nM,9.7
CHEMBL281300,nM,86.9,nM,86.9
CHEMBL56912,nM,8.0,uM,0.008
CHEMBL55425,nM,57.0,uM,0.057
CHEMBL7810,nM,4000.0,uM,4.0
CHEMBL7810,nM,1500.0,uM,1.5
CHEMBL31276,nM,1.9,nM,1.9
CHEMBL31276,nM,8.6,nM,8.6
CHEMBL56027,nM,69.0,uM,0.069
CHEMBL294034,nM,66.0,uM,0.066
CHEMBL939,nM,23.0,uM,0.023
CHEMBL7981,nM,500000.0,uM,500.0
CHEMBL7866,nM,64.0,uM,0.064
CHEMBL7866,nM,12500.0,uM,12.5
CHEMBL31745,nM,6266.2,nM,6266.2
CHEMBL283682,nM,258.9,nM,258.9
CHEMBL30973,nM,37.2,nM,37.2
CHEMBL30973,nM,122.9,nM,122.9
CHEMBL293090,nM,8.0,uM,0.008
CHEMBL56142,nM,98.0,uM,0.098
CHEMBL287022,nM,3762.4,nM,3762.4
CHEMBL287022,nM,6794.8,nM,6794.8
CHEMBL293064,nM,93.0,uM,0.093
CHEMBL56502,nM,6.0,uM,0.006
CHEMBL432416,nM,14100.0,uM,14.1
CHEMBL7819,nM,170.0,uM,0.17
CHEMBL7819,nM,3000.0,uM,3.0
CHEMBL291514,nM,79.0,uM,0.079
CHEMBL441518,nM,2043.6,nM,2043.6
CHEMBL441518,nM,4128.6,nM,4128.6
CHEMBL1744086,nM,95.0,uM,0.095
CHEMBL325949,nM,7800.0,uM,7.8
CHEMBL7339,nM,1270.0,uM,1.27
CHEMBL57759,nM,7.0,uM,0.007
CHEMBL607707,nM,14.5,nM,14.5
CHEMBL607707,nM,97.6,nM,97.6
CHEMBL300791,nM,10.0,uM,0.01
CHEMBL57892,nM,100.0,uM,0.1
CHEMBL57758,nM,87.0,uM,0.087
CHEMBL56266,nM,5.0,uM,0.005
CHEMBL266995,nM,8.0,uM,0.008
CHEMBL266995,nM,2000.0,uM,2.0
CHEMBL299893,nM,5.0,uM,0.005
CHEMBL347668,nM,8500.0,uM,8.5
CHEMBL541307,nM,3900.0,uM,3.9
CHEMBL348146,nM,28000.0,uM,28.0
CHEMBL79704,nM,4800.0,uM,4.8
CHEMBL538757,nM,8800.0,uM,8.8
CHEMBL422531,nM,12000.0,uM,12.0
CHEMBL538507,nM,2100.0,uM,2.1
CHEMBL154969,nM,68000.0,uM,68.0
CHEMBL552859,nM,180.0,uM,0.18
CHEMBL414013,nM,75000.0,uM,75.0
CHEMBL544074,nM,1100.0,uM,1.1
CHEMBL154260,nM,24000.0,uM,24.0
CHEMBL346716,nM,51000.0,uM,51.0
CHEMBL545006,nM,1800.0,uM,1.8
CHEMBL542891,nM,300.0,uM,0.3
CHEMBL336174,nM,7600.0,uM,7.6
CHEMBL544538,nM,1500.0,uM,1.5
CHEMBL348116,nM,32000.0,uM,32.0
CHEMBL80030,nM,230.0,uM,0.23
CHEMBL157952,nM,14000.0,uM,14.0
CHEMBL156555,nM,100000.0,uM,100.0
CHEMBL44,nM,1000.0,uM,1.0
CHEMBL543361,nM,8800.0,uM,8.8
CHEMBL155607,nM,22000.0,uM,22.0
CHEMBL543600,nM,100000.0,uM,100.0
CHEMBL155389,nM,100000.0,uM,100.0
CHEMBL345203,nM,9400.0,uM,9.4
CHEMBL78249,nM,70000.0,uM,70.0
CHEMBL544770,nM,1500.0,uM,1.5
CHEMBL435831,nM,38000.0,uM,38.0
CHEMBL542893,nM,1500.0,uM,1.5
CHEMBL540292,nM,7300.0,uM,7.3
CHEMBL154080,nM,44000.0,uM,44.0
CHEMBL155293,nM,7400.0,uM,7.4
CHEMBL544067,nM,1100.0,uM,1.1
CHEMBL293261,nM,850.0,uM,0.85
CHEMBL468975,nM,5600.0,uM,5.6
CHEMBL158119,nM,89000.0,uM,89.0
CHEMBL156797,nM,25000.0,uM,25.0
CHEMBL542887,nM,670.0,uM,0.67
CHEMBL552634,nM,700.0,uM,0.7
CHEMBL154911,nM,100000.0,uM,100.0
CHEMBL157304,nM,47000.0,uM,47.0
CHEMBL157021,nM,16000.0,uM,16.0
CHEMBL552860,nM,360.0,uM,0.36
CHEMBL79808,nM,21000.0,uM,21.0
CHEMBL310580,nM,470.0,uM,0.47
CHEMBL154822,nM,100000.0,uM,100.0
CHEMBL6976,nM,160000.0,uM,160.0
CHEMBL144791,nM,850.0,uM,0.85
CHEMBL144791,nM,1400.0,uM,1.4
CHEMBL279138,nM,2200.0,uM,2.2
CHEMBL279138,nM,21000.0,uM,21.0
CHEMBL67535,nM,400.0,uM,0.4
CHEMBL67535,nM,3300.0,uM,3.3
CHEMBL59150,nM,820000.0,uM,820.0
CHEMBL144770,nM,340.0,uM,0.34
CHEMBL144770,nM,3900.0,uM,3.9
CHEMBL144159,nM,1600.0,uM,1.6
CHEMBL144159,nM,10300.0,uM,10.3
CHEMBL144760,nM,700.0,uM,0.7
CHEMBL144760,nM,11000.0,uM,11.0
CHEMBL30432,nM,1.0,uM,0.001
CHEMBL87084,nM,5000.0,uM,5.0
CHEMBL144589,nM,600.0,uM,0.6
CHEMBL144589,nM,4300.0,uM,4.3
CHEMBL296407,nM,10000.0,uM,10.0
CHEMBL296407,nM,4500.0,uM,4.5
CHEMBL56393,nM,370.0,uM,0.37
CHEMBL56393,nM,5000.0,uM,5.0
CHEMBL424302,nM,1300.0,uM,1.3
CHEMBL356324,nM,380.0,uM,0.38
CHEMBL356324,nM,12000.0,uM,12.0
CHEMBL358494,nM,4000.0,uM,4.0
CHEMBL358494,nM,25000.0,uM,25.0
CHEMBL145266,nM,112000.0,uM,112.0
CHEMBL145266,nM,19000.0,uM,19.0
CHEMBL357400,nM,102000.0,uM,102.0
CHEMBL358746,nM,600.0,uM,0.6
CHEMBL358746,nM,21000.0,uM,21.0
CHEMBL144778,nM,2100.0,uM,2.1
CHEMBL144778,nM,13500.0,uM,13.5
CHEMBL144908,nM,500.0,uM,0.5
CHEMBL144908,nM,113000.0,uM,113.0
CHEMBL342792,nM,940.0,uM,0.94
CHEMBL76904,nM,35000.0,uM,35.0
CHEMBL144842,nM,700.0,uM,0.7
CHEMBL144842,nM,20000.0,uM,20.0
CHEMBL343887,nM,2200.0,uM,2.2
CHEMBL343887,nM,10000.0,uM,10.0
CHEMBL357161,nM,1800.0,uM,1.8
CHEMBL76432,nM,68.0,uM,0.068
CHEMBL312818,nM,5.0,uM,0.005
CHEMBL311111,nM,1250.0,uM,1.25
CHEMBL53898,nM,700.0,uM,0.7
CHEMBL80540,nM,3.0,uM,0.003
CHEMBL312753,nM,1.0,uM,0.001
CHEMBL80809,nM,5.0,uM,0.005
CHEMBL312818,nM,1.0,uM,0.001
CHEMBL310740,nM,2.0,uM,0.002
CHEMBL308498,nM,1.0,uM,0.001
CHEMBL78018,nM,4.0,uM,0.004
CHEMBL327725,nM,44000.0,uM,44.0
CHEMBL421326,nM,4.0,uM,0.004
CHEMBL79060,nM,250.0,uM,0.25
CHEMBL440298,nM,5000.0,uM,5.0
CHEMBL56731,nM,1250.0,uM,1.25
CHEMBL56543,nM,100.0,uM,0.1
CHEMBL79206,nM,3.0,uM,0.003
CHEMBL76751,nM,1.0,uM,0.001
CHEMBL311109,nM,7.0,uM,0.007
CHEMBL47660,nM,10000.0,uM,10.0
CHEMBL312482,nM,30.0,uM,0.03
CHEMBL296407,nM,4000.0,uM,4.0
CHEMBL79215,nM,1.0,uM,0.001
CHEMBL431977,nM,1.0,uM,0.001
CHEMBL47986,nM,3000.0,uM,3.0
CHEMBL81712,nM,9.0,uM,0.009
CHEMBL310853,nM,1.0,uM,0.001
CHEMBL80302,nM,100.0,uM,0.1
CHEMBL310827,nM,5.0,uM,0.005
CHEMBL81375,nM,140.0,uM,0.14
CHEMBL77342,nM,657.0,uM,0.657
CHEMBL308498,nM,8.0,uM,0.008
CHEMBL77782,nM,5.0,uM,0.005
CHEMBL78700,nM,500.0,uM,0.5
CHEMBL76432,nM,3.0,uM,0.003
CHEMBL306732,nM,94.0,uM,0.094
CHEMBL418909,nM,2.0,uM,0.002
CHEMBL78685,nM,1600.0,uM,1.6
CHEMBL77452,nM,9.0,uM,0.009
CHEMBL46946,nM,7000.0,uM,7.0
CHEMBL442749,nM,600.0,uM,0.6
CHEMBL80164,nM,1000.0,uM,1.0
CHEMBL76751,nM,39.0,uM,0.039
CHEMBL174634,nM,2650.0,uM,2.65
CHEMBL429057,nM,1100.0,uM,1.1
CHEMBL176702,nM,3400.0,uM,3.4
CHEMBL161956,nM,0.22,nM,0.22
CHEMBL367442,nM,700.0,uM,0.7
CHEMBL351629,nM,0.44,nM,0.44
CHEMBL165731,nM,1.5,nM,1.5
CHEMBL53711,nM,0.006,nM,0.006
CHEMBL165228,nM,117.0,nM,117.0
CHEMBL176705,nM,350.0,uM,0.35
CHEMBL176470,nM,6400.0,uM,6.4
CHEMBL166255,nM,1.7,nM,1.7
CHEMBL165630,nM,0.93,nM,0.93
CHEMBL176309,nM,700.0,uM,0.7
CHEMBL165495,nM,3.1,nM,3.1
CHEMBL163369,nM,0.35,nM,0.35
CHEMBL369014,nM,1300.0,uM,1.3
CHEMBL53753,nM,0.008,nM,0.008
CHEMBL13629,nM,10000.0,uM,10.0
CHEMBL166307,nM,3.9,nM,3.9
CHEMBL162223,nM,1.2,nM,1.2
CHEMBL172973,nM,500.0,uM,0.5
CHEMBL173453,nM,1400.0,uM,1.4
CHEMBL162719,nM,6.4,nM,6.4
CHEMBL162821,nM,0.45,nM,0.45
CHEMBL105436,nM,300.0,uM,0.3
CHEMBL105436,nM,10000.0,uM,10.0
CHEMBL162053,nM,8.1,nM,8.1
CHEMBL165574,nM,1.0,nM,1.0
CHEMBL53940,nM,9.0,nM,9.0
CHEMBL165788,nM,1.1,nM,1.1
CHEMBL166093,nM,0.18,nM,0.18
CHEMBL349070,nM,1.8,nM,1.8
CHEMBL175409,nM,800.0,uM,0.8
CHEMBL22978,nM,797.0,uM,0.797
CHEMBL162142,nM,0.78,nM,0.78
CHEMBL165508,nM,1.5,nM,1.5
CHEMBL165547,nM,0.56,nM,0.56
CHEMBL165864,nM,0.19,nM,0.19
CHEMBL13983,nM,,uM,
CHEMBL161895,nM,1.3,nM,1.3
CHEMBL433520,nM,4.6,nM,4.6
CHEMBL433520,nM,4.6,uM,0.0046
CHEMBL176815,nM,800.0,uM,0.8
CHEMBL424375,nM,300.0,uM,0.3
CHEMBL424375,nM,6400.0,uM,6.4
CHEMBL366831,nM,31000.0,uM,31.0
CHEMBL173478,nM,600.0,uM,0.6
CHEMBL173478,nM,12000.0,uM,12.0
CHEMBL355816,nM,0.28,nM,0.28
CHEMBL166154,nM,0.19,nM,0.19
CHEMBL163188,nM,2.8,nM,2.8
CHEMBL163168,nM,27.0,nM,27.0
CHEMBL169757,nM,500.0,uM,0.5
CHEMBL169757,nM,3000.0,uM,3.0
CHEMBL162508,nM,1.8,nM,1.8
CHEMBL166358,nM,1.2,nM,1.2
CHEMBL162981,nM,1.7,nM,1.7
CHEMBL51853,nM,0.13,nM,0.13
CHEMBL162034,nM,1.1,nM,1.1
CHEMBL162034,nM,1.1,uM,0.0011
CHEMBL162622,nM,0.65,nM,0.65
CHEMBL162622,nM,0.7,uM,0.0007
CHEMBL333454,nM,8700.0,uM,8.7
CHEMBL333454,nM,1750.0,uM,1.75
CHEMBL119923,nM,14800.0,uM,14.8
CHEMBL119923,nM,16000.0,uM,16.0
CHEMBL76958,nM,1000.0,uM,1.0
CHEMBL419047,nM,2500.0,uM,2.5
CHEMBL419047,nM,2500.0,uM,2.5
CHEMBL333553,nM,6500.0,uM,6.5
CHEMBL333553,nM,3200.0,uM,3.2
CHEMBL120564,nM,2600000.0,uM,2600.0
CHEMBL120564,nM,87000.0,uM,87.0
CHEMBL309075,nM,5400.0,uM,5.4
CHEMBL424625,nM,125000.0,uM,125.0
CHEMBL116547,nM,750.0,uM,0.75
CHEMBL116547,nM,4500.0,uM,4.5
CHEMBL118205,nM,12500.0,uM,12.5
CHEMBL118205,nM,5300.0,uM,5.3
CHEMBL324030,nM,16300.0,uM,16.3
CHEMBL324030,nM,8800.0,uM,8.8
CHEMBL119156,nM,25000.0,uM,25.0
CHEMBL119156,nM,3400.0,uM,3.4
CHEMBL432428,nM,940.0,uM,0.94
CHEMBL432428,nM,640.0,uM,0.64
CHEMBL326318,nM,1950.0,uM,1.95
CHEMBL326318,nM,900.0,uM,0.9
CHEMBL477,nM,195000.0,uM,195.0
CHEMBL449093,nM,54.0,uM,0.054
CHEMBL78280,nM,4000.0,uM,4.0
CHEMBL122522,nM,370000.0,uM,370.0
CHEMBL122522,nM,6700.0,uM,6.7
CHEMBL78224,nM,8800.0,uM,8.8
CHEMBL119987,nM,37000.0,uM,37.0
CHEMBL119987,nM,710.0,uM,0.71
CHEMBL388978,nM,49.0,uM,0.049
CHEMBL326044,nM,60000.0,uM,60.0
CHEMBL326044,nM,48000.0,uM,48.0
CHEMBL116595,nM,2900.0,uM,2.9
CHEMBL116595,nM,400.0,uM,0.4
CHEMBL118321,nM,36000.0,uM,36.0
CHEMBL118321,nM,8000.0,uM,8.0
CHEMBL309016,nM,7900.0,uM,7.9
CHEMBL77397,nM,2500.0,uM,2.5
CHEMBL418906,nM,1400.0,uM,1.4
CHEMBL78049,nM,9400.0,uM,9.4
CHEMBL309392,nM,17000.0,uM,17.0
CHEMBL334032,nM,85000.0,uM,85.0
CHEMBL334032,nM,23000.0,uM,23.0
CHEMBL505705,nM,600.0,uM,0.6
CHEMBL115519,nM,4400.0,uM,4.4
CHEMBL330879,nM,6600.0,uM,6.6
CHEMBL330879,nM,1700.0,uM,1.7
CHEMBL76929,nM,1800.0,uM,1.8
CHEMBL311133,nM,7000.0,uM,7.0
CHEMBL118109,nM,18600.0,uM,18.6
CHEMBL118109,nM,19000.0,uM,19.0
CHEMBL418907,nM,2800.0,uM,2.8
CHEMBL77401,nM,1500.0,uM,1.5
CHEMBL77100,nM,4800.0,uM,4.8
CHEMBL307481,nM,10100.0,uM,10.1
CHEMBL78206,nM,1300.0,uM,1.3
CHEMBL453502,nM,500.0,uM,0.5
CHEMBL115895,nM,5600.0,uM,5.6
CHEMBL115895,nM,22000.0,uM,22.0
CHEMBL331026,nM,75000.0,uM,75.0
CHEMBL331026,nM,14500.0,uM,14.5
CHEMBL116423,nM,5600.0,uM,5.6
CHEMBL116423,nM,62000.0,uM,62.0
CHEMBL326100,nM,2500.0,uM,2.5
CHEMBL326100,nM,1000.0,uM,1.0
CHEMBL120719,nM,96000.0,uM,96.0
CHEMBL120719,nM,54000.0,uM,54.0
CHEMBL74432,nM,400.0,uM,0.4
CHEMBL77688,nM,310.0,uM,0.31
CHEMBL312451,nM,40000.0,uM,40.0
CHEMBL286343,nM,3.0,nM,3.0
CHEMBL286343,nM,21.0,nM,21.0
CHEMBL31965,nM,1.5,nM,1.5
CHEMBL31965,nM,7.4,nM,7.4
CHEMBL285063,nM,0.7,nM,0.7
CHEMBL285063,nM,2.7,nM,2.7
CHEMBL27685,nM,1.8,nM,1.8
CHEMBL27685,nM,4.7,nM,4.7
CHEMBL31630,nM,20.0,nM,20.0
CHEMBL31630,nM,88.0,nM,88.0
CHEMBL27688,nM,1.5,nM,1.5
CHEMBL27688,nM,27.0,nM,27.0
CHEMBL31373,nM,0.75,nM,0.75
CHEMBL31373,nM,3.1,nM,3.1
CHEMBL31816,nM,0.95,nM,0.95
CHEMBL31816,nM,291.0,nM,291.0
CHEMBL417478,nM,0.16,nM,0.16
CHEMBL417478,nM,119.0,nM,119.0
CHEMBL32844,nM,1.7,nM,1.7
CHEMBL32844,nM,3.0,nM,3.0
CHEMBL31588,nM,3.9,nM,3.9
CHEMBL31588,nM,7.9,nM,7.9
CHEMBL31656,nM,1.5,nM,1.5
CHEMBL31656,nM,434.0,nM,434.0
CHEMBL31419,nM,3.6,nM,3.6
CHEMBL31419,nM,5.3,nM,5.3
CHEMBL31326,nM,0.78,nM,0.78
CHEMBL31326,nM,196.0,nM,196.0
CHEMBL31815,nM,0.42,nM,0.42
CHEMBL31815,nM,4.7,nM,4.7
CHEMBL280757,nM,0.69,nM,0.69
CHEMBL280757,nM,2.7,nM,2.7
CHEMBL28418,nM,0.75,nM,0.75
CHEMBL28418,nM,18.0,nM,18.0
CHEMBL281543,nM,2.7,nM,2.7
CHEMBL281543,nM,5100.0,nM,5100.0
CHEMBL284326,nM,6.6,nM,6.6
CHEMBL284326,nM,264.0,nM,264.0
CHEMBL32079,nM,1.7,nM,1.7
CHEMBL31622,nM,2.0,nM,2.0
CHEMBL31622,nM,18.0,nM,18.0
CHEMBL31570,nM,0.97,nM,0.97
CHEMBL31570,nM,377.0,nM,377.0
CHEMBL283201,nM,45.0,nM,45.0
CHEMBL283201,nM,416.0,nM,416.0
CHEMBL31369,nM,27.0,nM,27.0
CHEMBL31369,nM,7693.0,nM,7693.0
CHEMBL57366,nM,450.0,uM,0.45
CHEMBL56236,nM,6680.0,uM,6.68
CHEMBL299763,nM,50000.0,uM,50.0
CHEMBL293889,nM,4300.0,uM,4.3
CHEMBL160566,nM,6900.0,uM,6.9
CHEMBL420624,nM,0.1,nM,0.1
CHEMBL85021,nM,15300.0,uM,15.3
CHEMBL329161,nM,897.0,nM,897.0
CHEMBL333082,nM,105.0,nM,105.0
CHEMBL53690,nM,0.91,nM,0.91
CHEMBL53690,nM,4.5,nM,4.5
CHEMBL297968,nM,1.6,nM,1.6
CHEMBL297968,nM,90.0,nM,90.0
CHEMBL126192,nM,2.0,uM,0.002
CHEMBL157807,nM,4700.0,uM,4.7
CHEMBL328216,nM,0.12,nM,0.12
CHEMBL93032,nM,0.17,nM,0.17
CHEMBL126483,nM,9300.0,uM,9.3
CHEMBL336174,nM,3300.0,uM,3.3
CHEMBL345641,nM,100000.0,uM,100.0
CHEMBL117710,nM,756.0,nM,756.0
CHEMBL119033,nM,139.0,nM,139.0
CHEMBL116308,nM,355.0,nM,355.0
CHEMBL345837,nM,12000.0,uM,12.0
CHEMBL346770,nM,5500.0,uM,5.5
CHEMBL116919,nM,10000.0,nM,10000.0
CHEMBL340660,nM,560.0,uM,0.56
CHEMBL347161,nM,16900.0,uM,16.9
CHEMBL330882,nM,4900.0,nM,4900.0
CHEMBL280757,nM,0.69,nM,0.69
CHEMBL280757,nM,2.7,nM,2.7
CHEMBL326596,nM,58.0,nM,58.0
CHEMBL333418,nM,439.0,nM,439.0
CHEMBL347659,nM,13000.0,uM,13.0
CHEMBL441083,nM,910.0,nM,910.0
CHEMBL329672,nM,23.0,nM,23.0
CHEMBL430571,nM,3.6,nM,3.6
CHEMBL430571,nM,4.2,nM,4.2
CHEMBL52913,nM,0.25,nM,0.25
CHEMBL52913,nM,53.0,nM,53.0
CHEMBL158797,nM,43000.0,uM,43.0
CHEMBL346553,nM,6100.0,uM,6.1
CHEMBL92825,nM,80.0,nM,80.0
CHEMBL52197,nM,348.0,nM,348.0
CHEMBL117697,nM,842.0,nM,842.0
CHEMBL94275,nM,1000.0,nM,1000.0
CHEMBL54091,nM,0.72,nM,0.72
CHEMBL54091,nM,2.1,nM,2.1
CHEMBL89723,nM,9500.0,uM,9.5
CHEMBL351920,nM,5600.0,uM,5.6
CHEMBL333851,nM,588.0,nM,588.0
CHEMBL53665,nM,1.2,nM,1.2
CHEMBL53665,nM,18.0,nM,18.0
CHEMBL126456,nM,4800.0,uM,4.8
CHEMBL87746,nM,19000.0,uM,19.0
CHEMBL93181,nM,10.0,nM,10.0
CHEMBL278287,nM,49000.0,uM,49.0
CHEMBL161226,nM,6100.0,uM,6.1
CHEMBL289787,nM,974.0,nM,974.0
CHEMBL296168,nM,1.1,nM,1.1
CHEMBL296168,nM,5.6,nM,5.6
CHEMBL51741,nM,0.4,nM,0.4
CHEMBL51741,nM,9.9,nM,9.9
CHEMBL277430,nM,75000.0,uM,75.0
CHEMBL325245,nM,10.0,nM,10.0
CHEMBL422540,nM,100000.0,uM,100.0
CHEMBL37346,nM,5500.0,nM,5500.0
CHEMBL51659,nM,0.91,nM,0.91
CHEMBL51659,nM,3.4,nM,3.4
CHEMBL435054,nM,47000.0,uM,47.0
CHEMBL345211,nM,10000.0,uM,10.0
CHEMBL332096,nM,1400.0,nM,1400.0
CHEMBL117804,nM,4100.0,nM,4100.0
CHEMBL324371,nM,100000.0,nM,100000.0
CHEMBL340862,nM,11.0,uM,0.011
CHEMBL158805,nM,5300.0,uM,5.3
CHEMBL304414,nM,10900.0,uM,10.9
CHEMBL116748,nM,5900.0,nM,5900.0
CHEMBL115745,nM,56.0,nM,56.0
CHEMBL49986,nM,0.54,nM,0.54
CHEMBL49986,nM,108.0,nM,108.0
CHEMBL48760,nM,18500.0,uM,18.5
CHEMBL345862,nM,47000.0,uM,47.0
CHEMBL119708,nM,8000.0,nM,8000.0
CHEMBL332938,nM,200.0,nM,200.0
CHEMBL443523,nM,0.45,nM,0.45
CHEMBL443523,nM,14.0,nM,14.0
CHEMBL125920,nM,11.0,uM,0.011
CHEMBL89505,nM,7900.0,uM,7.9
CHEMBL28418,nM,0.75,nM,0.75
CHEMBL28418,nM,18.0,nM,18.0
CHEMBL65250,nM,4.0,nM,4.0
CHEMBL347854,nM,28700.0,uM,28.7
CHEMBL290096,nM,27.0,nM,27.0
CHEMBL52765,nM,0.79,nM,0.79
CHEMBL29197,nM,0.029,nM,0.029
CHEMBL117554,nM,7000.0,nM,7000.0
CHEMBL289959,nM,344.0,nM,344.0
CHEMBL102726,nM,320.0,nM,320.0
CHEMBL285063,nM,0.7,nM,0.7
CHEMBL285063,nM,4.3,nM,4.3
CHEMBL31373,nM,0.75,nM,0.75
CHEMBL31373,nM,3.1,nM,3.1
CHEMBL314146,nM,44000.0,uM,44.0
CHEMBL54088,nM,0.48,nM,0.48
CHEMBL54088,nM,8.3,nM,8.3
CHEMBL31815,nM,0.42,nM,0.42
CHEMBL31815,nM,4.7,nM,4.7
CHEMBL86326,nM,19300.0,uM,19.3
CHEMBL160207,nM,21200.0,uM,21.2
CHEMBL53555,nM,0.77,nM,0.77
CHEMBL53555,nM,3.3,nM,3.3
CHEMBL53637,nM,1.6,nM,1.6
CHEMBL53637,nM,2.3,nM,2.3
CHEMBL125086,nM,3.0,uM,0.003
CHEMBL127223,nM,18.0,uM,0.018
CHEMBL342929,nM,1800.0,uM,1.8
CHEMBL348554,nM,17500.0,uM,17.5
CHEMBL127367,nM,390.0,uM,0.39
CHEMBL126974,nM,1100.0,uM,1.1
CHEMBL160935,nM,7700.0,uM,7.7
CHEMBL128027,nM,9000.0,uM,9.0
CHEMBL347160,nM,15000.0,uM,15.0
CHEMBL53203,nM,5.8,nM,5.8
CHEMBL53203,nM,4.8,nM,4.8
CHEMBL79704,nM,4200.0,uM,4.2
CHEMBL158275,nM,1700.0,uM,1.7
CHEMBL92824,nM,577.0,nM,577.0
CHEMBL126996,nM,720.0,uM,0.72
CHEMBL266182,nM,180000.0,uM,180.0
CHEMBL277667,nM,100000.0,uM,100.0
CHEMBL19978,nM,95000.0,uM,95.0
CHEMBL59099,nM,45000.0,uM,45.0
CHEMBL279035,nM,90000.0,uM,90.0
CHEMBL21096,nM,59000.0,uM,59.0
CHEMBL279481,nM,29000.0,uM,29.0
CHEMBL21108,nM,90000.0,uM,90.0
CHEMBL58436,nM,7100.0,uM,7.1
CHEMBL299707,nM,100000.0,uM,100.0
CHEMBL55379,nM,1800.0,uM,1.8
CHEMBL293991,nM,530.0,uM,0.53
CHEMBL20926,nM,65000.0,uM,65.0
CHEMBL57690,nM,100000.0,uM,100.0
CHEMBL57553,nM,50000.0,uM,50.0
CHEMBL56081,nM,100000.0,uM,100.0
CHEMBL49350,nM,1400.0,uM,1.4
CHEMBL93173,nM,170.0,uM,0.17
CHEMBL90541,nM,820.0,uM,0.82
CHEMBL330323,nM,200.0,uM,0.2
CHEMBL422066,nM,430.0,uM,0.43
CHEMBL301018,nM,9.0,uM,0.009
CHEMBL296407,nM,20000.0,uM,20.0
CHEMBL48436,nM,1400.0,uM,1.4
CHEMBL50415,nM,5600.0,uM,5.6
CHEMBL94019,nM,910.0,uM,0.91
CHEMBL93423,nM,390.0,uM,0.39
CHEMBL296582,nM,3100.0,uM,3.1
CHEMBL48650,nM,7700.0,uM,7.7
CHEMBL91428,nM,660.0,uM,0.66
CHEMBL330668,nM,780.0,uM,0.78
CHEMBL92006,nM,730.0,uM,0.73
CHEMBL329867,nM,6.4,uM,0.0064
CHEMBL420059,nM,300.0,uM,0.3
CHEMBL538798,nM,2511.89,,-5.6
CHEMBL419137,nM,10.0,uM,0.01
CHEMBL91484,nM,27.0,uM,0.027
CHEMBL154580,nM,10000.0,,-5.0
CHEMBL328277,nM,820.0,uM,0.82
CHEMBL90540,nM,84.0,uM,0.084
CHEMBL328106,nM,0.96,nM,0.96
CHEMBL316064,nM,0.24,nM,0.24
CHEMBL52765,nM,0.78,nM,0.78
CHEMBL329183,nM,6100.0,nM,6100.0
CHEMBL93302,nM,4.7,nM,4.7
CHEMBL418967,nM,0.17,nM,0.17
CHEMBL96627,nM,1367.0,nM,1367.0
CHEMBL94275,nM,1000.0,nM,1000.0
CHEMBL93032,nM,0.17,nM,0.17
CHEMBL328216,nM,0.12,nM,0.12
CHEMBL94191,nM,29.0,nM,29.0
CHEMBL328879,nM,55.0,nM,55.0
CHEMBL289959,nM,344.0,nM,344.0
CHEMBL318736,nM,105.0,nM,105.0
CHEMBL96780,nM,3.8,nM,3.8
CHEMBL90013,nM,11.0,nM,11.0
CHEMBL433205,nM,3.3,nM,3.3
CHEMBL52197,nM,30.0,nM,30.0
CHEMBL328244,nM,574.0,nM,574.0
CHEMBL91980,nM,0.35,nM,0.35
CHEMBL93051,nM,15.0,nM,15.0
CHEMBL93966,nM,2.0,nM,2.0
CHEMBL328955,nM,0.25,nM,0.25
CHEMBL93284,nM,540.0,nM,540.0
CHEMBL92174,nM,128.0,nM,128.0
CHEMBL367625,nM,5100.0,uM,5.1
CHEMBL368278,nM,5300.0,uM,5.3
CHEMBL93461,nM,40.0,nM,40.0
CHEMBL329672,nM,23.0,nM,23.0
CHEMBL420254,nM,12.0,nM,12.0
CHEMBL63469,nM,6.5,nM,6.5
CHEMBL89940,nM,770.0,nM,770.0
CHEMBL52015,nM,84.0,nM,84.0
CHEMBL7917,nM,0.31,nM,0.31
CHEMBL93734,nM,28.0,nM,28.0
CHEMBL35820,nM,0.006,nM,0.006
CHEMBL92985,nM,56.0,nM,56.0
CHEMBL330224,nM,100.0,nM,100.0
CHEMBL367625,nM,2000.0,uM,2.0
CHEMBL66409,nM,25.0,nM,25.0
CHEMBL447230,nM,152.0,nM,152.0
CHEMBL94431,nM,3.8,nM,3.8
CHEMBL328295,nM,5000.0,nM,5000.0
CHEMBL92936,nM,68.0,nM,68.0
CHEMBL329161,nM,900.0,nM,900.0
CHEMBL92937,nM,0.69,nM,0.69
CHEMBL92824,nM,577.0,nM,577.0
CHEMBL50344,nM,4.0,nM,4.0
CHEMBL96489,nM,159.0,nM,159.0
CHEMBL290096,nM,27.0,nM,27.0
CHEMBL93545,nM,53.0,nM,53.0
CHEMBL93544,nM,2000.0,nM,2000.0
CHEMBL93295,nM,463.0,nM,463.0
CHEMBL96065,nM,0.89,nM,0.89
CHEMBL328691,nM,12.0,nM,12.0
CHEMBL92709,nM,113.0,nM,113.0
CHEMBL65038,nM,15.0,nM,15.0
CHEMBL29197,nM,0.025,nM,0.025
CHEMBL317925,nM,0.67,nM,0.67
CHEMBL92398,nM,120.0,nM,120.0
CHEMBL91914,nM,12000.0,nM,12000.0
CHEMBL327307,nM,0.072,nM,0.072
CHEMBL92825,nM,80.0,nM,80.0
CHEMBL93181,nM,10.0,nM,10.0
CHEMBL420624,nM,0.1,nM,0.1
CHEMBL92812,nM,7.0,nM,7.0
CHEMBL93635,nM,810.0,nM,810.0
CHEMBL93783,nM,14.0,uM,0.014
CHEMBL93032,nM,0.17,nM,0.17
CHEMBL177053,nM,44.0,nM,44.0
CHEMBL426580,nM,0.29,nM,0.29
CHEMBL92902,nM,115.0,uM,0.115
CHEMBL327838,nM,65.0,uM,0.065
CHEMBL328704,nM,12.0,uM,0.012
CHEMBL319620,nM,4000.0,uM,4.0
CHEMBL172652,nM,4.1,nM,4.1
CHEMBL94066,nM,107.0,uM,0.107
CHEMBL94061,nM,11.0,uM,0.011
CHEMBL153525,nM,1.24,nM,1.24
CHEMBL366580,nM,0.34,nM,0.34
CHEMBL329642,nM,269.0,uM,0.269
CHEMBL92356,nM,65.0,uM,0.065
CHEMBL94062,nM,2.0,uM,0.002
CHEMBL123046,nM,41900.0,uM,41.9
CHEMBL153170,nM,29.0,nM,29.0
CHEMBL93784,nM,65.0,uM,0.065
CHEMBL176582,nM,0.01,nM,0.01
CHEMBL93537,nM,203.0,uM,0.203
CHEMBL122785,nM,10300.0,uM,10.3
CHEMBL63786,nM,0.003,nM,0.003
CHEMBL94123,nM,215.0,uM,0.215
CHEMBL92882,nM,1132.0,uM,1.132
CHEMBL39337,nM,0.44,nM,0.44
CHEMBL93386,nM,20.0,uM,0.02
CHEMBL122260,nM,9700.0,uM,9.7
CHEMBL92731,nM,90.0,uM,0.09
CHEMBL93049,nM,59.0,uM,0.059
CHEMBL40734,nM,0.44,nM,0.44
CHEMBL29197,nM,0.025,nM,0.025
CHEMBL93051,nM,15.0,nM,15.0
CHEMBL155100,nM,272.0,nM,272.0
CHEMBL93464,nM,236.0,uM,0.236
CHEMBL92961,nM,97.0,uM,0.097
CHEMBL175101,nM,22.0,nM,22.0
CHEMBL93754,nM,1124.0,uM,1.124
CHEMBL123045,nM,5400.0,uM,5.4
CHEMBL328245,nM,62.0,uM,0.062
CHEMBL91925,nM,73.0,uM,0.073
CHEMBL316127,nM,74.0,uM,0.074
CHEMBL66031,nM,0.008,nM,0.008
CHEMBL174426,nM,0.025,nM,0.025
CHEMBL91748,nM,250.0,uM,0.25
CHEMBL91009,nM,9.0,uM,0.009
CHEMBL173498,nM,1.7,nM,1.7
CHEMBL92086,nM,339.0,uM,0.339
CHEMBL2112369,nM,194.0,uM,0.194
CHEMBL90595,nM,57.0,uM,0.057
CHEMBL419501,nM,85.0,uM,0.085
CHEMBL122397,nM,900.0,uM,0.9
CHEMBL290096,nM,27.0,nM,27.0
CHEMBL91811,nM,85.0,uM,0.085
CHEMBL328977,nM,95.0,uM,0.095
CHEMBL94068,nM,106.0,uM,0.106
CHEMBL285063,nM,2.0,uM,0.002
CHEMBL427298,nM,203.0,nM,203.0
CHEMBL329856,nM,6.0,uM,0.006
CHEMBL442754,nM,62.0,uM,0.062
CHEMBL94109,nM,68.0,uM,0.068
CHEMBL96627,nM,1370.0,nM,1370.0
CHEMBL91867,nM,8.0,uM,0.008
CHEMBL2112370,nM,131.0,uM,0.131
CHEMBL122721,nM,27200.0,uM,27.2
CHEMBL176891,nM,1.32,nM,1.32
CHEMBL414220,nM,71.0,uM,0.071
CHEMBL328216,nM,0.12,nM,0.12
CHEMBL101683,nM,7300.0,uM,7.3
CHEMBL301359,nM,27.0,nM,27.0
CHEMBL53375,nM,39.0,nM,39.0
CHEMBL52472,nM,30.0,nM,30.0
CHEMBL301549,nM,263.0,nM,263.0
CHEMBL53796,nM,9.6,nM,9.6
CHEMBL53796,nM,32.0,nM,32.0
CHEMBL53299,nM,2.3,nM,2.3
CHEMBL53940,nM,9.0,nM,9.0
CHEMBL298637,nM,52.0,nM,52.0
CHEMBL298637,nM,552.0,nM,552.0
CHEMBL50519,nM,4.3,nM,4.3
CHEMBL53062,nM,2.6,nM,2.6
CHEMBL53062,nM,12.0,nM,12.0
CHEMBL54805,nM,34.0,nM,34.0
CHEMBL53300,nM,0.79,nM,0.79
CHEMBL54400,nM,0.13,nM,0.13
CHEMBL54400,nM,16.0,nM,16.0
CHEMBL53711,nM,0.006,nM,0.006
CHEMBL53711,nM,21.0,nM,21.0
CHEMBL291496,nM,18.0,nM,18.0
CHEMBL300083,nM,578.0,nM,578.0
CHEMBL300083,nM,2085.0,nM,2085.0
CHEMBL52418,nM,29.0,nM,29.0
CHEMBL53156,nM,3.1,nM,3.1
CHEMBL53156,nM,20.0,nM,20.0
CHEMBL54784,nM,1460.0,nM,1460.0
CHEMBL296377,nM,40.0,nM,40.0
CHEMBL53753,nM,0.008,nM,0.008
CHEMBL53753,nM,15.0,nM,15.0
CHEMBL54474,nM,940.0,nM,940.0
CHEMBL51320,nM,2030.0,nM,2030.0
CHEMBL52882,nM,3.1,nM,3.1
CHEMBL51265,nM,51.0,nM,51.0
CHEMBL50245,nM,324.0,nM,324.0
CHEMBL50245,nM,2300.0,nM,2300.0
CHEMBL51853,nM,0.13,nM,0.13
CHEMBL51853,nM,16.0,nM,16.0
CHEMBL53552,nM,603.0,nM,603.0
CHEMBL55150,nM,120.0,nM,120.0
CHEMBL52076,nM,10.0,nM,10.0
CHEMBL52076,nM,110.0,nM,110.0
CHEMBL291701,nM,684.0,nM,684.0
CHEMBL53850,nM,7.0,nM,7.0
CHEMBL55729,nM,0.1,nM,0.1
CHEMBL52784,nM,11.0,nM,11.0
CHEMBL51707,nM,13.0,nM,13.0
CHEMBL54475,nM,688.0,nM,688.0
CHEMBL295961,nM,4.0,nM,4.0
CHEMBL52665,nM,35.0,nM,35.0
CHEMBL300217,nM,7.6,nM,7.6
CHEMBL300217,nM,53.0,nM,53.0
CHEMBL300491,nM,10.0,nM,10.0
CHEMBL53428,nM,0.091,nM,0.091
CHEMBL53428,nM,14.0,nM,14.0
CHEMBL53121,nM,124.0,nM,124.0
CHEMBL53404,nM,100.0,nM,100.0
CHEMBL54788,nM,44.0,nM,44.0
CHEMBL29197,nM,0.029,nM,0.029
CHEMBL29197,nM,0.029,pM,29.0
CHEMBL132466,nM,18000.0,uM,18.0
CHEMBL109372,nM,5170.0,uM,5.17
CHEMBL358092,nM,14000.0,uM,14.0
CHEMBL49596,nM,5600.0,uM,5.6
CHEMBL54471,nM,880.0,uM,0.88
CHEMBL54471,nM,15000.0,uM,15.0
CHEMBL56543,nM,2000.0,uM,2.0
CHEMBL56543,nM,100.0,uM,0.1
CHEMBL332612,nM,5.0,uM,0.005
CHEMBL118904,nM,270.0,uM,0.27
CHEMBL56879,nM,2300.0,uM,2.3
CHEMBL56879,nM,11000.0,uM,11.0
CHEMBL55979,nM,400.0,uM,0.4
CHEMBL55979,nM,2500.0,uM,2.5
CHEMBL56455,nM,1700.0,uM,1.7
CHEMBL332333,nM,58.0,uM,0.058
CHEMBL332882,nM,5.0,uM,0.005
CHEMBL56132,nM,1300.0,uM,1.3
CHEMBL56132,nM,14000.0,uM,14.0
CHEMBL56219,nM,1100.0,uM,1.1
CHEMBL56219,nM,2100.0,uM,2.1
CHEMBL62756,nM,15000.0,uM,15.0
CHEMBL57251,nM,1700.0,uM,1.7
CHEMBL120979,nM,8.0,uM,0.008
CHEMBL292648,nM,1200000.0,uM,1200.0
CHEMBL301612,nM,78.0,uM,0.078
CHEMBL122243,nM,800.0,uM,0.8
CHEMBL122245,nM,7.0,uM,0.007
CHEMBL296407,nM,10000.0,uM,10.0
CHEMBL296407,nM,4500.0,uM,4.5
CHEMBL49120,nM,350.0,uM,0.35
CHEMBL56731,nM,700.0,uM,0.7
CHEMBL56731,nM,1250.0,uM,1.25
CHEMBL56542,nM,2100.0,uM,2.1
CHEMBL56542,nM,12000.0,uM,12.0
CHEMBL299763,nM,50000.0,uM,50.0
CHEMBL153843,nM,10400.0,nM,10400.0
CHEMBL294213,nM,2200000.0,uM,2200.0
CHEMBL332765,nM,29.0,uM,0.029
CHEMBL306081,nM,27000.0,uM,27.0
CHEMBL291313,nM,40000.0,uM,40.0
CHEMBL51028,nM,880.0,uM,0.88
CHEMBL51485,nM,980.0,uM,0.98
CHEMBL294681,nM,1800000.0,uM,1800.0
CHEMBL121796,nM,7.0,uM,0.007
CHEMBL55979,nM,860.0,uM,0.86
CHEMBL121190,nM,160.0,uM,0.16
CHEMBL331906,nM,26.0,uM,0.026
CHEMBL332906,nM,2.0,uM,0.002
CHEMBL57462,nM,2500.0,uM,2.5
CHEMBL55994,nM,3100.0,uM,3.1
CHEMBL55994,nM,31000.0,uM,31.0
CHEMBL57712,nM,1300000.0,uM,1300.0
CHEMBL55993,nM,10700.0,uM,10.7
CHEMBL55993,nM,24000.0,uM,24.0
CHEMBL55360,nM,5100.0,uM,5.1
CHEMBL55360,nM,10300.0,uM,10.3
CHEMBL299194,nM,8700.0,uM,8.7
CHEMBL122068,nM,220.0,uM,0.22
CHEMBL333231,nM,26.0,uM,0.026
CHEMBL332971,nM,96.0,uM,0.096
CHEMBL56281,nM,225000.0,uM,225.0
CHEMBL57170,nM,800000.0,uM,800.0
CHEMBL55748,nM,12500.0,uM,12.5
CHEMBL56393,nM,370.0,uM,0.37
CHEMBL56393,nM,5000.0,uM,5.0
CHEMBL293749,nM,930.0,uM,0.93
CHEMBL59145,nM,1540.0,uM,1.54
CHEMBL59145,nM,6600.0,uM,6.6
CHEMBL55204,nM,560.0,uM,0.56
CHEMBL55204,nM,5100.0,uM,5.1
CHEMBL65063,nM,2700.0,uM,2.7
CHEMBL120667,nM,450000.0,uM,450.0
CHEMBL45827,nM,390.0,uM,0.39
CHEMBL123189,nM,8.0,uM,0.008
CHEMBL293482,nM,532000.0,uM,532.0
CHEMBL440298,nM,1100.0,uM,1.1
CHEMBL440298,nM,5000.0,uM,5.0
CHEMBL420885,nM,270.0,uM,0.27
CHEMBL334026,nM,24200.0,uM,24.2
CHEMBL291986,nM,4300.0,uM,4.3
CHEMBL291986,nM,55000.0,uM,55.0
CHEMBL57663,nM,1400000.0,uM,1400.0
CHEMBL333038,nM,330.0,uM,0.33
CHEMBL119982,nM,870.0,uM,0.87
CHEMBL59150,nM,820000.0,uM,820.0
CHEMBL417941,nM,1600.0,uM,1.6
CHEMBL417941,nM,5900.0,uM,5.9
CHEMBL120319,nM,130.0,uM,0.13
CHEMBL56964,nM,60000.0,uM,60.0
CHEMBL56319,nM,1530.0,uM,1.53
CHEMBL56319,nM,49000.0,uM,49.0
CHEMBL121260,nM,84.0,uM,0.084
CHEMBL121954,nM,1.0,uM,0.001
CHEMBL24828,nM,16.0,nM,16.0
CHEMBL24828,nM,500.0,nM,500.0
CHEMBL298679,nM,720.0,uM,0.72
CHEMBL50470,nM,1350.0,uM,1.35
CHEMBL319540,nM,2710.0,uM,2.71
CHEMBL122411,nM,30.0,uM,0.03
CHEMBL29197,nM,6.0,uM,0.006
CHEMBL298810,nM,1480000.0,uM,1480.0
CHEMBL57300,nM,7000.0,uM,7.0
CHEMBL56201,nM,26000.0,uM,26.0
CHEMBL122182,nM,8.0,uM,0.008
CHEMBL293584,nM,500.0,uM,0.5
CHEMBL53898,nM,700.0,uM,0.7
CHEMBL53898,nM,700.0,uM,0.7
CHEMBL120069,nM,130.0,uM,0.13
CHEMBL119977,nM,19.0,uM,0.019
CHEMBL118130,nM,6.0,uM,0.006
CHEMBL2111784,nM,1100.0,uM,1.1
CHEMBL2111784,nM,700.0,uM,0.7
CHEMBL290389,nM,350.0,uM,0.35
CHEMBL419409,nM,8800.0,uM,8.8
CHEMBL419409,nM,4400.0,uM,4.4
CHEMBL120185,nM,8700.0,uM,8.7
CHEMBL103552,nM,4100.0,uM,4.1
CHEMBL121405,nM,2000.0,uM,2.0
CHEMBL121405,nM,1100.0,uM,1.1
CHEMBL319620,nM,2900.0,uM,2.9
CHEMBL131653,nM,24400.0,uM,24.4
CHEMBL103860,nM,3300.0,uM,3.3
CHEMBL27085,nM,100000.0,uM,100.0
CHEMBL104466,nM,3700.0,uM,3.7
CHEMBL75208,nM,200.0,uM,0.2
CHEMBL76444,nM,500.0,uM,0.5
CHEMBL306315,nM,6.0,uM,0.006
CHEMBL433305,nM,310.0,uM,0.31
CHEMBL421686,nM,1080.0,uM,1.08
CHEMBL307062,nM,820.0,uM,0.82
CHEMBL74645,nM,25700.0,uM,25.7
CHEMBL74778,nM,1250.0,uM,1.25
CHEMBL307209,nM,96.0,uM,0.096
CHEMBL73406,nM,170.0,uM,0.17
CHEMBL72393,nM,46.0,uM,0.046
CHEMBL268868,nM,300.0,uM,0.3
CHEMBL307599,nM,2100.0,uM,2.1
CHEMBL440873,nM,360.0,uM,0.36
CHEMBL308593,nM,230.0,uM,0.23
CHEMBL4106341,nM,6920.0,uM,6.92
CHEMBL74481,nM,110.0,uM,0.11
CHEMBL75177,nM,29.0,uM,0.029
CHEMBL306029,nM,1900.0,uM,1.9
CHEMBL431191,nM,860.0,uM,0.86
CHEMBL73301,nM,1200.0,uM,1.2
CHEMBL73710,nM,560.0,uM,0.56
CHEMBL73625,nM,75100.0,uM,75.1
CHEMBL72322,nM,420.0,uM,0.42
CHEMBL431001,nM,16300.0,uM,16.3
CHEMBL75049,nM,1900.0,uM,1.9
CHEMBL306081,nM,27.0,uM,0.027
CHEMBL309937,nM,77500.0,uM,77.5
CHEMBL74722,nM,25.0,uM,0.025
CHEMBL76116,nM,2500.0,uM,2.5
CHEMBL307026,nM,570.0,uM,0.57
CHEMBL308582,nM,550.0,uM,0.55
CHEMBL311129,nM,10.0,uM,0.01
CHEMBL29197,nM,4.0,uM,0.004
CHEMBL177688,nM,1360.0,uM,1.36
CHEMBL181275,nM,200.0,uM,0.2
CHEMBL182254,nM,32.0,uM,0.032
CHEMBL181742,nM,50.0,uM,0.05
CHEMBL361322,nM,5010.0,uM,5.01
CHEMBL52765,nM,44.0,uM,0.044
CHEMBL343352,nM,200.0,uM,0.2
CHEMBL181617,nM,10.0,uM,0.01
CHEMBL179451,nM,26.0,uM,0.026
CHEMBL49120,nM,44000.0,uM,44.0
CHEMBL186802,nM,5600.0,uM,5.6
CHEMBL186580,nM,490.0,uM,0.49
CHEMBL185327,nM,11000.0,uM,11.0
CHEMBL186747,nM,3200.0,uM,3.2
CHEMBL182397,nM,2800.0,uM,2.8
CHEMBL360209,nM,2200.0,uM,2.2
CHEMBL187007,nM,29000.0,uM,29.0
CHEMBL184682,nM,1000.0,uM,1.0
CHEMBL7917,nM,5.0,uM,0.005
CHEMBL185637,nM,110.0,uM,0.11
CHEMBL188304,nM,100.0,uM,0.1
CHEMBL186080,nM,150.0,uM,0.15
CHEMBL184311,nM,3250.0,uM,3.25
CHEMBL185853,nM,510.0,uM,0.51
CHEMBL188522,nM,340.0,uM,0.34
CHEMBL184750,nM,650.0,uM,0.65
CHEMBL187431,nM,29400.0,uM,29.4
CHEMBL186001,nM,200.0,uM,0.2
CHEMBL177688,nM,1360.0,uM,1.36
CHEMBL188386,nM,7400.0,uM,7.4
CHEMBL363130,nM,8400.0,uM,8.4
CHEMBL363607,nM,45800.0,uM,45.8
CHEMBL190651,nM,252.0,nM,252.0
CHEMBL190651,nM,10000.0,nM,10000.0
CHEMBL190651,nM,50000.0,nM,50000.0
CHEMBL192737,nM,174.0,nM,174.0
CHEMBL190567,nM,150.0,nM,150.0
CHEMBL190567,nM,5000.0,nM,5000.0
CHEMBL190567,nM,50000.0,nM,50000.0
CHEMBL275762,nM,0.07,nM,0.07
CHEMBL275762,nM,25.0,nM,25.0
CHEMBL275762,nM,25.0,nM,25.0
CHEMBL275762,nM,15.0,nM,15.0
CHEMBL193159,nM,32.0,nM,32.0
CHEMBL193159,nM,10.0,nM,10.0
CHEMBL193160,nM,0.12,nM,0.12
CHEMBL193160,nM,10.0,nM,10.0
CHEMBL193160,nM,30.0,nM,30.0
CHEMBL190094,nM,0.11,nM,0.11
CHEMBL190094,nM,10.0,nM,10.0
CHEMBL190094,nM,50.0,nM,50.0
CHEMBL190094,nM,4.0,nM,4.0
CHEMBL94061,nM,0.41,nM,0.41
CHEMBL94061,nM,10.0,nM,10.0
CHEMBL94061,nM,10.0,nM,10.0
CHEMBL189779,nM,0.94,nM,0.94
CHEMBL372246,nM,6000.0,nM,6000.0
CHEMBL372246,nM,250.0,nM,250.0
CHEMBL365805,nM,13000.0,nM,13000.0
CHEMBL365805,nM,250.0,nM,250.0
CHEMBL437879,nM,0.208,nM,0.208
CHEMBL437879,nM,5.0,nM,5.0
CHEMBL363815,nM,0.037,nM,0.037
CHEMBL363815,nM,20.0,nM,20.0
CHEMBL363815,nM,20.0,nM,20.0
CHEMBL195218,nM,4200.0,uM,4.2
CHEMBL370266,nM,5500.0,uM,5.5
CHEMBL196018,nM,90.0,uM,0.09
CHEMBL370934,nM,60.0,uM,0.06
CHEMBL372112,nM,50.0,uM,0.05
CHEMBL371863,nM,200.0,uM,0.2
CHEMBL196925,nM,120.0,uM,0.12
CHEMBL194349,nM,610.0,uM,0.61
CHEMBL425738,nM,120.0,uM,0.12
CHEMBL196738,nM,200.0,uM,0.2
CHEMBL365606,nM,200.0,uM,0.2
CHEMBL438805,nM,950.0,uM,0.95
CHEMBL196438,nM,20.0,uM,0.02
CHEMBL194958,nM,120.0,uM,0.12
CHEMBL197689,nM,70.0,uM,0.07
CHEMBL372293,nM,200.0,uM,0.2
CHEMBL372523,nM,210.0,uM,0.21
CHEMBL373025,nM,490.0,uM,0.49
CHEMBL369967,nM,7400.0,uM,7.4
CHEMBL196548,nM,950.0,uM,0.95
CHEMBL194160,nM,1100.0,uM,1.1
CHEMBL372692,nM,1600.0,uM,1.6
CHEMBL193681,nM,40.0,uM,0.04
CHEMBL193368,nM,170.0,uM,0.17
CHEMBL412367,nM,40.0,uM,0.04
CHEMBL371888,nM,59.0,uM,0.059
CHEMBL444619,nM,5.0,uM,0.005
CHEMBL197640,nM,5.0,uM,0.005
CHEMBL197525,nM,1800.0,uM,1.8
CHEMBL193578,nM,2400.0,uM,2.4
CHEMBL193544,nM,140.0,uM,0.14
CHEMBL436511,nM,690.0,uM,0.69
CHEMBL195204,nM,698.0,uM,0.698
CHEMBL194337,nM,2100.0,uM,2.1
CHEMBL194389,nM,440.0,uM,0.44
CHEMBL401930,nM,1600.0,nM,1600.0
CHEMBL195029,nM,2700.0,uM,2.7
CHEMBL370808,nM,5200.0,uM,5.2
CHEMBL201840,nM,12600.0,uM,12.6
CHEMBL78257,nM,4100.0,uM,4.1
CHEMBL200976,nM,2800.0,uM,2.8
CHEMBL202244,nM,9000.0,uM,9.0
CHEMBL383030,nM,13600.0,uM,13.6
CHEMBL202162,nM,5100.0,uM,5.1
CHEMBL201865,nM,31000.0,uM,31.0
CHEMBL201307,nM,800.0,uM,0.8
CHEMBL545315,nM,3.0,nM,3.0
CHEMBL437890,nM,1.1,nM,1.1
CHEMBL203599,nM,0.5,nM,0.5
CHEMBL205059,nM,0.9,nM,0.9
CHEMBL204638,nM,1.5,nM,1.5
CHEMBL203661,nM,1.3,nM,1.3
CHEMBL202556,nM,3.1,nM,3.1
CHEMBL202421,nM,17.0,nM,17.0
CHEMBL383499,nM,44.0,nM,44.0
CHEMBL202425,nM,15.0,nM,15.0
CHEMBL202424,nM,15.0,nM,15.0
CHEMBL203645,nM,1.7,nM,1.7
CHEMBL203644,nM,0.3,nM,0.3
CHEMBL378144,nM,0.6,nM,0.6
CHEMBL204085,nM,1.7,nM,1.7
CHEMBL382073,nM,1.8,nM,1.8
CHEMBL202621,nM,86.0,nM,86.0
CHEMBL202398,nM,40.0,nM,40.0
CHEMBL380669,nM,4.2,nM,4.2
CHEMBL373207,nM,3.1,nM,3.1
CHEMBL202411,nM,1.4,nM,1.4
CHEMBL91867,nM,0.2,nM,0.2
CHEMBL202360,nM,1.6,nM,1.6
CHEMBL553,nM,0.6,nM,0.6
CHEMBL939,nM,3.1,nM,3.1
CHEMBL382862,nM,10000.0,uM,10.0
CHEMBL203295,nM,21.0,nM,21.0
CHEMBL205776,nM,66.0,nM,66.0
CHEMBL382041,nM,671.0,nM,671.0
CHEMBL379017,nM,9601.0,nM,9601.0
CHEMBL204330,nM,873.0,nM,873.0
CHEMBL205149,nM,10.0,nM,10.0
CHEMBL203725,nM,3.0,nM,3.0
CHEMBL203936,nM,225.0,nM,225.0
CHEMBL377277,nM,8068.0,nM,8068.0
CHEMBL204268,nM,187.0,nM,187.0
CHEMBL205783,nM,1384.0,nM,1384.0
CHEMBL381306,nM,6000.0,uM,6.0
CHEMBL381306,nM,30000.0,uM,30.0
CHEMBL204223,nM,6300.0,uM,6.3
CHEMBL202970,nM,1200.0,uM,1.2
CHEMBL380972,nM,340.0,uM,0.34
CHEMBL425402,nM,1100.0,uM,1.1
CHEMBL203219,nM,3400.0,uM,3.4
CHEMBL204164,nM,4900.0,uM,4.9
CHEMBL381541,nM,5700.0,uM,5.7
CHEMBL382186,nM,4100.0,uM,4.1
CHEMBL206197,nM,3700.0,uM,3.7
CHEMBL203132,nM,1700.0,uM,1.7
CHEMBL206848,nM,4400.0,uM,4.4
CHEMBL205148,nM,1000.0,uM,1.0
CHEMBL206320,nM,2000.0,uM,2.0
CHEMBL426124,nM,900.0,uM,0.9
CHEMBL206347,nM,1000.0,uM,1.0
CHEMBL424853,nM,1000.0,uM,1.0
CHEMBL205676,nM,1000.0,uM,1.0
CHEMBL206280,nM,2000.0,uM,2.0
CHEMBL383444,nM,3100.0,uM,3.1
CHEMBL204715,nM,3000.0,uM,3.0
CHEMBL204965,nM,1500.0,uM,1.5
CHEMBL378145,nM,3400.0,uM,3.4
CHEMBL383614,nM,1000.0,uM,1.0
CHEMBL205454,nM,5800.0,uM,5.8
CHEMBL383121,nM,7500.0,uM,7.5
CHEMBL203529,nM,7000.0,uM,7.0
CHEMBL204335,nM,2000.0,uM,2.0
CHEMBL202970,nM,690.0,uM,0.69
CHEMBL380972,nM,470.0,uM,0.47
CHEMBL425402,nM,2700.0,uM,2.7
CHEMBL203219,nM,8100.0,uM,8.1
CHEMBL204164,nM,8900.0,uM,8.9
CHEMBL381541,nM,5400.0,uM,5.4
CHEMBL382186,nM,7000.0,uM,7.0
CHEMBL206197,nM,9100.0,uM,9.1
CHEMBL206370,nM,9800.0,uM,9.8
CHEMBL206320,nM,9900.0,uM,9.9
CHEMBL426124,nM,2400.0,uM,2.4
CHEMBL206347,nM,8900.0,uM,8.9
CHEMBL424853,nM,7200.0,uM,7.2
CHEMBL205676,nM,4300.0,uM,4.3
CHEMBL206280,nM,8400.0,uM,8.4
CHEMBL383444,nM,1000.0,uM,1.0
CHEMBL204715,nM,1900.0,uM,1.9
CHEMBL204965,nM,6900.0,uM,6.9
CHEMBL383614,nM,7200.0,uM,7.2
CHEMBL204335,nM,8500.0,uM,8.5
CHEMBL379041,nM,8900.0,uM,8.9
CHEMBL606964,nM,545.0,nM,545.0
CHEMBL206483,nM,15000.0,uM,15.0
CHEMBL554,nM,10.0,uM,0.01
CHEMBL206029,nM,15.0,uM,0.015
CHEMBL380078,nM,23.0,uM,0.023
CHEMBL206003,nM,21.0,uM,0.021
CHEMBL204570,nM,40.0,uM,0.04
CHEMBL204467,nM,33.0,uM,0.033
CHEMBL205047,nM,76.0,uM,0.076
CHEMBL205765,nM,91.0,uM,0.091
CHEMBL381604,nM,32.0,uM,0.032
CHEMBL205284,nM,42.0,uM,0.042
CHEMBL207869,nM,77.0,uM,0.077
CHEMBL205045,nM,17.0,uM,0.017
CHEMBL438440,nM,74.0,uM,0.074
CHEMBL206782,nM,31.0,uM,0.031
CHEMBL381080,nM,50.0,uM,0.05
CHEMBL207247,nM,60.0,uM,0.06
CHEMBL207410,nM,79.0,uM,0.079
CHEMBL208358,nM,110.0,uM,0.11
CHEMBL438075,nM,25100.0,uM,25.1
CHEMBL205798,nM,12.0,uM,0.012
CHEMBL205966,nM,30.0,uM,0.03
CHEMBL205235,nM,42.0,uM,0.042
CHEMBL204625,nM,63.0,uM,0.063
CHEMBL379093,nM,79.0,uM,0.079
CHEMBL205870,nM,85.0,uM,0.085
CHEMBL205652,nM,320.0,uM,0.32
CHEMBL939,nM,33.0,uM,0.033
CHEMBL207815,nM,6.0,uM,0.006
CHEMBL425601,nM,9.0,uM,0.009
CHEMBL207718,nM,20.0,uM,0.02
CHEMBL383246,nM,25.0,uM,0.025
CHEMBL207130,nM,9.0,uM,0.009
CHEMBL380889,nM,50.0,uM,0.05
CHEMBL207445,nM,10.0,uM,0.01
CHEMBL379905,nM,30.0,uM,0.03
CHEMBL208286,nM,20.0,uM,0.02
CHEMBL376967,nM,120.0,uM,0.12
CHEMBL382823,nM,10.0,uM,0.01
CHEMBL378370,nM,20.0,uM,0.02
CHEMBL380006,nM,40.0,uM,0.04
CHEMBL211003,nM,30.0,uM,0.03
CHEMBL207687,nM,8.0,uM,0.008
CHEMBL208118,nM,9.0,uM,0.009
CHEMBL379601,nM,20.0,uM,0.02
CHEMBL380386,nM,150.0,uM,0.15
CHEMBL207037,nM,50.0,uM,0.05
CHEMBL207246,nM,70.0,uM,0.07
CHEMBL207674,nM,50.0,uM,0.05
CHEMBL206783,nM,8.0,uM,0.008
CHEMBL204420,nM,30.0,uM,0.03
CHEMBL377772,nM,170.0,uM,0.17
CHEMBL380454,nM,80.0,uM,0.08
CHEMBL382822,nM,450.0,uM,0.45
CHEMBL383760,nM,50.0,uM,0.05
CHEMBL207235,nM,10.0,uM,0.01
CHEMBL208292,nM,10.0,uM,0.01
CHEMBL207584,nM,30.0,uM,0.03
CHEMBL382638,nM,20.0,uM,0.02
CHEMBL206955,nM,6.0,uM,0.006
CHEMBL437885,nM,360.0,uM,0.36
CHEMBL336113,nM,1000.0,nM,1000.0
CHEMBL210893,nM,294.0,nM,294.0
CHEMBL210378,nM,204.0,nM,204.0
CHEMBL209818,nM,1139.0,nM,1139.0
CHEMBL210660,nM,47.0,nM,47.0
CHEMBL210659,nM,67.0,nM,67.0
CHEMBL210502,nM,1061.0,nM,1061.0
CHEMBL379047,nM,156.0,nM,156.0
CHEMBL208144,nM,81.0,nM,81.0
CHEMBL208849,nM,1693.0,nM,1693.0
CHEMBL207009,nM,18.0,nM,18.0
CHEMBL210444,nM,22.0,nM,22.0
CHEMBL208240,nM,676.0,nM,676.0
CHEMBL50344,nM,5.0,nM,5.0
CHEMBL209343,nM,4.0,nM,4.0
CHEMBL208594,nM,11.0,nM,11.0
CHEMBL52765,nM,44.0,nM,44.0
CHEMBL343352,nM,200.0,nM,200.0
CHEMBL213560,nM,710.0,uM,0.71
CHEMBL554,nM,12.0,uM,0.012
CHEMBL212965,nM,12.0,uM,0.012
CHEMBL215716,nM,16.0,uM,0.016
CHEMBL212954,nM,28.0,uM,0.028
CHEMBL377250,nM,89.0,uM,0.089
CHEMBL445572,nM,90.0,uM,0.09
CHEMBL384407,nM,27.0,uM,0.027
CHEMBL212251,nM,85.0,uM,0.085
CHEMBL212201,nM,50.0,uM,0.05
CHEMBL212250,nM,25.0,uM,0.025
CHEMBL215171,nM,26.0,uM,0.026
CHEMBL265367,nM,17.0,uM,0.017
CHEMBL214023,nM,19.0,uM,0.019
CHEMBL1794063,nM,19.0,uM,0.019
CHEMBL214487,nM,18.0,uM,0.018
CHEMBL383965,nM,21.0,uM,0.021
CHEMBL215814,nM,80.0,uM,0.08
CHEMBL387207,nM,160.0,uM,0.16
CHEMBL215033,nM,100.0,uM,0.1
CHEMBL214689,nM,25.0,uM,0.025
CHEMBL380247,nM,18.0,uM,0.018
CHEMBL214419,nM,91.0,uM,0.091
CHEMBL384711,nM,43.0,uM,0.043
CHEMBL213818,nM,24.0,uM,0.024
CHEMBL213342,nM,27.0,uM,0.027
CHEMBL939,nM,23.0,nM,23.0
CHEMBL385479,nM,18.0,nM,18.0
CHEMBL384699,nM,51.0,nM,51.0
CHEMBL213874,nM,2.0,nM,2.0
CHEMBL214631,nM,106.0,nM,106.0
CHEMBL385471,nM,9.0,nM,9.0
CHEMBL276154,nM,10.0,nM,10.0
CHEMBL215786,nM,3.0,nM,3.0
CHEMBL214798,nM,2.0,nM,2.0
CHEMBL213007,nM,1.0,nM,1.0
CHEMBL214478,nM,9.0,nM,9.0
CHEMBL215559,nM,114.0,nM,114.0
CHEMBL387265,nM,2.0,nM,2.0
CHEMBL218677,nM,2.0,nM,2.0
CHEMBL214857,nM,3.0,nM,3.0
CHEMBL29197,nM,28.0,uM,0.028
CHEMBL285063,nM,36.0,uM,0.036
CHEMBL217536,nM,60.0,uM,0.06
CHEMBL364623,nM,5200.0,nM,5200.0
CHEMBL5416410,nM,180.0,nM,180.0
CHEMBL217090,nM,900.0,uM,0.9
CHEMBL217092,nM,2590.0,uM,2.59
CHEMBL201511,nM,32000.0,M,0.000032
CHEMBL387187,nM,21.0,nM,21.0
CHEMBL219557,nM,230.0,nM,230.0
CHEMBL436137,nM,965.0,uM,0.965
CHEMBL373882,nM,25000.0,nM,25000.0
CHEMBL5416410,nM,180.0,nM,180.0
CHEMBL1204261,nM,8.17,nM,8.17
CHEMBL1203934,nM,51.0,nM,51.0
CHEMBL1204360,nM,32.2,nM,32.2
CHEMBL1203940,nM,16.0,nM,16.0
CHEMBL1203939,nM,9.31,nM,9.31
CHEMBL1203938,nM,47.7,nM,47.7
CHEMBL1203937,nM,17.0,nM,17.0
CHEMBL1203936,nM,20.0,nM,20.0
CHEMBL1203935,nM,8.95,nM,8.95
CHEMBL1204305,nM,1.05,nM,1.05
CHEMBL1204168,nM,0.66,nM,0.66
CHEMBL540068,nM,1.26,nM,1.26
CHEMBL541586,nM,31.9,nM,31.9
CHEMBL1204262,nM,0.64,nM,0.64
CHEMBL1204199,nM,0.41,nM,0.41
CHEMBL2447950,nM,0.38,nM,0.38
CHEMBL534948,nM,2730.0,uM,2.73
CHEMBL343352,nM,200.0,uM,0.2
CHEMBL225721,nM,970.0,uM,0.97
CHEMBL225720,nM,37.0,uM,0.037
CHEMBL225930,nM,2200.0,uM,2.2
CHEMBL388286,nM,3960.0,uM,3.96
CHEMBL225929,nM,71.0,uM,0.071
CHEMBL225928,nM,4.4,uM,0.0044
CHEMBL607707,nM,0.6,nM,0.6
CHEMBL607707,nM,34.9,nM,34.9
CHEMBL242349,nM,7710.0,nM,7710.0
CHEMBL24828,nM,112.4,nM,112.4
CHEMBL101253,nM,457.7,nM,457.7
CHEMBL939,nM,5.4,nM,5.4
CHEMBL29197,nM,2.6,nM,2.6
CHEMBL241919,nM,24.9,nM,24.9
CHEMBL241918,nM,107.3,nM,107.3
CHEMBL243839,nM,47.5,nM,47.5
CHEMBL243837,nM,12.2,nM,12.2
CHEMBL398154,nM,90.8,nM,90.8
CHEMBL243629,nM,18.7,nM,18.7
CHEMBL243628,nM,166.7,nM,166.7
CHEMBL428741,nM,4.1,nM,4.1
CHEMBL243410,nM,283.3,nM,283.3
CHEMBL428039,nM,799.3,nM,799.3
CHEMBL180022,nM,0.08,nM,0.08
CHEMBL939,nM,2753.0,nM,2753.0
CHEMBL242131,nM,704.0,nM,704.0
CHEMBL241919,nM,173.1,nM,173.1
CHEMBL241918,nM,346.9,nM,346.9
CHEMBL243839,nM,295.2,nM,295.2
CHEMBL243837,nM,35.6,nM,35.6
CHEMBL398154,nM,791.9,nM,791.9
CHEMBL243629,nM,216.2,nM,216.2
CHEMBL243628,nM,894.3,nM,894.3
CHEMBL428741,nM,43.1,nM,43.1
CHEMBL243410,nM,2089.0,nM,2089.0
CHEMBL180022,nM,0.18,nM,0.18
CHEMBL427671,nM,81.0,uM,0.081
CHEMBL398793,nM,130.0,uM,0.13
CHEMBL392774,nM,190.0,uM,0.19
CHEMBL234580,nM,780.0,uM,0.78
CHEMBL393787,nM,200.0,uM,0.2
CHEMBL233325,nM,26.0,uM,0.026
CHEMBL233324,nM,240.0,uM,0.24
CHEMBL400413,nM,210.0,uM,0.21
CHEMBL234577,nM,130.0,uM,0.13
CHEMBL392273,nM,33.0,uM,0.033
CHEMBL231885,nM,710.0,uM,0.71
CHEMBL265629,nM,350.0,uM,0.35
CHEMBL232082,nM,170.0,uM,0.17
CHEMBL231875,nM,90.0,uM,0.09
CHEMBL398388,nM,140.0,uM,0.14
CHEMBL231663,nM,1000.0,uM,1.0
CHEMBL234772,nM,220.0,uM,0.22
CHEMBL401443,nM,68.0,uM,0.068
CHEMBL391675,nM,500.0,uM,0.5
CHEMBL391521,nM,110.0,uM,0.11
CHEMBL391321,nM,45.0,uM,0.045
CHEMBL220037,nM,30.0,uM,0.03
CHEMBL391738,nM,720.0,nM,720.0
CHEMBL188304,nM,100.0,uM,0.1
CHEMBL427671,nM,81.0,uM,0.081
CHEMBL394463,nM,1800.0,uM,1.8
CHEMBL394462,nM,200.0,uM,0.2
CHEMBL429827,nM,86.0,uM,0.086
CHEMBL247101,nM,250.0,uM,0.25
CHEMBL247100,nM,210.0,uM,0.21
CHEMBL246276,nM,120.0,uM,0.12
CHEMBL395591,nM,210.0,uM,0.21
CHEMBL246492,nM,640.0,uM,0.64
CHEMBL428046,nM,83.0,uM,0.083
CHEMBL246284,nM,61.0,uM,0.061
CHEMBL246073,nM,190.0,uM,0.19
CHEMBL246072,nM,130.0,uM,0.13
CHEMBL245869,nM,73.0,uM,0.073
CHEMBL245868,nM,620.0,uM,0.62
CHEMBL245867,nM,160.0,uM,0.16
CHEMBL245667,nM,64.0,uM,0.064
CHEMBL394333,nM,90.0,uM,0.09
CHEMBL246694,nM,140.0,uM,0.14
CHEMBL246491,nM,460.0,uM,0.46
CHEMBL394057,nM,30.0,uM,0.03
CHEMBL246489,nM,490.0,uM,0.49
CHEMBL394056,nM,340.0,uM,0.34
